{
  "variants": {
    "face=ceiling,facing=east,powered=false": {
      "model": "minecraft:block/crimson_button_hanging"
    },
    "face=ceiling,facing=east,powered=true": {
      "model": "minecraft:block/crimson_button_hanging"
    },
    "face=ceiling,facing=north,powered=false": {
      "model": "minecraft:block/crimson_button_hanging"
    },
    "face=ceiling,facing=north,powered=true": {
      "model": "minecraft:block/crimson_button_hanging"
    },
    "face=ceiling,facing=south,powered=false": {
      "model": "minecraft:block/crimson_button_hanging"
    },
    "face=ceiling,facing=south,powered=true": {
      "model": "minecraft:block/crimson_button_hanging"
    },
    "face=ceiling,facing=west,powered=false": {
      "model": "minecraft:block/crimson_button_hanging"
    },
    "face=ceiling,facing=west,powered=true": {
      "model": "minecraft:block/crimson_button_hanging"
    },
    "face=floor,facing=east,powered=false": {
      "model": "minecraft:block/crimson_button"
    },
    "face=floor,facing=east,powered=true": {
      "model": "minecraft:block/crimson_button"
    },
    "face=floor,facing=north,powered=false": {
      "model": "minecraft:block/crimson_button"
    },
    "face=floor,facing=north,powered=true": {
      "model": "minecraft:block/crimson_button"
    },
    "face=floor,facing=south,powered=false": {
      "model": "minecraft:block/crimson_button"
    },
    "face=floor,facing=south,powered=true": {
      "model": "minecraft:block/crimson_button"
    },
    "face=floor,facing=west,powered=false": {
      "model": "minecraft:block/crimson_button"
    },
    "face=floor,facing=west,powered=true": {
      "model": "minecraft:block/crimson_button"
    },
    "face=wall,facing=east,powered=false": {
      "model": "minecraft:block/crimson_button_hanging",
      "uvlock": false
    },
    "face=wall,facing=east,powered=true": {
      "model": "minecraft:block/crimson_button_hanging",
      "uvlock": false
    },
    "face=wall,facing=north,powered=false": {
      "model": "minecraft:block/crimson_button_hanging",
      "uvlock": false
    },
    "face=wall,facing=north,powered=true": {
      "model": "minecraft:block/crimson_button_hanging",
      "uvlock": false
    },
    "face=wall,facing=south,powered=false": {
      "model": "minecraft:block/crimson_button_hanging",
      "uvlock": false
    },
    "face=wall,facing=south,powered=true": {
      "model": "minecraft:block/crimson_button_hanging",
      "uvlock": false
    },
    "face=wall,facing=west,powered=false": {
      "model": "minecraft:block/crimson_button_hanging",
      "uvlock": false
    },
    "face=wall,facing=west,powered=true": {
      "model": "minecraft:block/crimson_button_hanging",
      "uvlock": false
    }
  }
}