{
	"texture_size": [64, 64],
	"textures": {
		"particle": "item/police_baton"
	},
	"elements": [
		{
			"from": [7.25, 0, 7.25],
			"to": [8.75, 11, 8.75],
			"faces": {
				"north": {"uv": [0, 0.5, 0.75, 6], "texture": "#particle"},
				"east": {"uv": [1, 0.5, 1.75, 6], "texture": "#particle"},
				"south": {"uv": [2, 0.5, 2.75, 6], "texture": "#particle"},
				"west": {"uv": [3, 0.5, 3.75, 6], "texture": "#particle"},
				"down": {"uv": [4, 0.5, 4.75, 1.25], "texture": "#particle"}
			}
		},
		{
			"from": [6.75, 11, 6.75],
			"to": [9.25, 11.5, 9.25],
			"rotation": {"angle": 45, "axis": "y", "origin": [8, 10.5, 8]},
			"faces": {
				"north": {"uv": [7.75, 0.5, 11.25, 0.75], "texture": "#particle"},
				"east": {"uv": [7.75, 1, 11.25, 1.25], "texture": "#particle"},
				"south": {"uv": [7.75, 1.5, 11.25, 1.75], "texture": "#particle"},
				"west": {"uv": [7.75, 2, 11.25, 2.25], "texture": "#particle"},
				"down": {"uv": [7.75, 2.5, 11.25, 6], "texture": "#particle"}
			}
		},
		{
			"from": [6.5, 11.5, 6.5],
			"to": [9.5, 16.75, 9.5],
			"rotation": {"angle": -45, "axis": "y", "origin": [8, 10.5, 8]},
			"faces": {
				"north": {"uv": [0, 6.25, 1.5, 9], "texture": "#particle"},
				"east": {"uv": [1.75, 6.25, 3.25, 9], "texture": "#particle"},
				"south": {"uv": [3.5, 6.25, 5, 9], "texture": "#particle"},
				"west": {"uv": [5.25, 6.25, 6.75, 9], "texture": "#particle"},
				"up": {"uv": [7, 6.25, 8.5, 7.75], "texture": "#particle"},
				"down": {"uv": [7, 8, 8.5, 9.5], "texture": "#particle"}
			}
		},
		{
			"from": [7, 16.75, 7],
			"to": [9, 17.25, 9],
			"rotation": {"angle": 0, "axis": "y", "origin": [8, 17.125, 8]},
			"faces": {
				"north": {"uv": [8.75, 6.25, 9.75, 6.5], "texture": "#particle"},
				"east": {"uv": [8.75, 6.75, 9.75, 7], "texture": "#particle"},
				"south": {"uv": [8.75, 7.25, 9.75, 7.5], "texture": "#particle"},
				"west": {"uv": [8.75, 7.75, 9.75, 8], "texture": "#particle"},
				"up": {"uv": [10, 6.25, 11, 7.25], "texture": "#particle"}
			}
		},
		{
			"from": [7.5, 17.25, 7.5],
			"to": [8.5, 18, 8.5],
			"rotation": {"angle": 0, "axis": "y", "origin": [8, 17.125, 8]},
			"faces": {
				"north": {"uv": [11.25, 6.25, 11.75, 6.75], "texture": "#particle"},
				"east": {"uv": [11.25, 7, 11.75, 7.5], "texture": "#particle"},
				"south": {"uv": [11.25, 7.75, 11.75, 8.25], "texture": "#particle"},
				"west": {"uv": [11.25, 8.5, 11.75, 9], "texture": "#particle"},
				"up": {"uv": [12, 6.25, 12.5, 6.75], "texture": "#particle"}
			}
		},
		{
			"from": [7, 0.5, 7],
			"to": [9, 2, 9],
			"faces": {
				"north": {"uv": [4, 1.5, 5, 2.25], "texture": "#particle"},
				"east": {"uv": [4, 2.5, 5, 3.25], "texture": "#particle"},
				"south": {"uv": [4, 3.5, 5, 4.25], "texture": "#particle"},
				"west": {"uv": [4, 4.5, 5, 5.25], "texture": "#particle"},
				"up": {"uv": [5.25, 1.5, 6.25, 2.5], "texture": "#particle"},
				"down": {"uv": [5.25, 2.75, 6.25, 3.75], "texture": "#particle"}
			}
		},
		{
			"from": [7, 6, 7],
			"to": [9, 6.5, 9],
			"faces": {
				"north": {"uv": [5.25, 0.5, 6.25, 0.75], "texture": "#particle"},
				"east": {"uv": [5.25, 1, 6.25, 1.25], "texture": "#particle"},
				"south": {"uv": [6.5, 0.5, 7.5, 0.75], "texture": "#particle"},
				"west": {"uv": [6.5, 1, 7.5, 1.25], "texture": "#particle"},
				"up": {"uv": [6.5, 1.5, 7.5, 2.5], "texture": "#particle"},
				"down": {"uv": [6.5, 2.75, 7.5, 3.75], "texture": "#particle"}
			}
		},
		{
			"from": [6.65, 11.65, 6.65],
			"to": [9.35, 14.35, 9.35],
			"rotation": {"angle": 45, "axis": "x", "origin": [8, 13, 8]},
			"faces": {
				"north": {"uv": [0, 12.75, 1.25, 14], "texture": "#particle"},
				"east": {"uv": [1.5, 12.75, 2.75, 14], "texture": "#particle"},
				"south": {"uv": [3, 12.75, 4.25, 14], "texture": "#particle"},
				"west": {"uv": [4.5, 12.75, 5.75, 14], "texture": "#particle"},
				"up": {"uv": [6, 12.75, 7.25, 14], "texture": "#particle"},
				"down": {"uv": [7.5, 12.75, 8.75, 14], "texture": "#particle"}
			}
		},
		{
			"from": [6.65, 11.65, 6.65],
			"to": [9.35, 14.35, 9.35],
			"rotation": {"angle": -45, "axis": "z", "origin": [8, 13, 8]},
			"faces": {
				"north": {"uv": [0, 14.25, 1.25, 15.5], "texture": "#particle"},
				"east": {"uv": [1.5, 14.25, 2.75, 15.5], "texture": "#particle"},
				"south": {"uv": [3, 14.25, 4.25, 15.5], "texture": "#particle"},
				"west": {"uv": [4.5, 14.25, 5.75, 15.5], "texture": "#particle"},
				"up": {"uv": [6, 14.25, 7.25, 15.5], "texture": "#particle"},
				"down": {"uv": [7.5, 14.25, 8.75, 15.5], "texture": "#particle"}
			}
		},
		{
			"from": [6.65, 13.9, 6.65],
			"to": [9.35, 16.6, 9.35],
			"rotation": {"angle": 45, "axis": "x", "origin": [8, 15.25, 8]},
			"faces": {
				"north": {"uv": [0, 9.75, 1.25, 11], "texture": "#particle"},
				"east": {"uv": [1.5, 9.75, 2.75, 11], "texture": "#particle"},
				"south": {"uv": [3, 9.75, 4.25, 11], "texture": "#particle"},
				"west": {"uv": [4.5, 9.75, 5.75, 11], "texture": "#particle"},
				"up": {"uv": [6, 9.75, 7.25, 11], "texture": "#particle"},
				"down": {"uv": [7.5, 9.75, 8.75, 11], "texture": "#particle"}
			}
		},
		{
			"from": [6.65, 13.9, 6.65],
			"to": [9.35, 16.6, 9.35],
			"rotation": {"angle": -45, "axis": "z", "origin": [8, 15.25, 8]},
			"faces": {
				"north": {"uv": [0, 11.25, 1.25, 12.5], "texture": "#particle"},
				"east": {"uv": [1.5, 11.25, 2.75, 12.5], "texture": "#particle"},
				"south": {"uv": [3, 11.25, 4.25, 12.5], "texture": "#particle"},
				"west": {"uv": [4.5, 11.25, 5.75, 12.5], "texture": "#particle"},
				"up": {"uv": [6, 11.25, 7.25, 12.5], "texture": "#particle"},
				"down": {"uv": [7.5, 11.25, 8.75, 12.5], "texture": "#particle"}
			}
		},
		{
			"from": [6.2, 12.9, 6.19081],
			"to": [9.8, 13.1, 9.79081],
			"rotation": {"angle": 0, "axis": "y", "origin": [0.35, 0, 0.09081]},
			"faces": {
				"north": {"uv": [9, 9.75, 10.75, 10], "texture": "#particle"},
				"east": {"uv": [9, 10.25, 10.75, 10.5], "texture": "#particle"},
				"south": {"uv": [9, 10.75, 10.75, 11], "texture": "#particle"},
				"west": {"uv": [9, 11.25, 10.75, 11.5], "texture": "#particle"},
				"up": {"uv": [11, 9.75, 12.75, 11.5], "texture": "#particle"},
				"down": {"uv": [13, 9.75, 14.75, 11.5], "texture": "#particle"}
			}
		},
		{
			"from": [6.2, 15.15, 6.19081],
			"to": [9.8, 15.35, 9.79081],
			"rotation": {"angle": 0, "axis": "y", "origin": [0.35, 0, 0.09081]},
			"faces": {
				"north": {"uv": [9, 9.75, 10.75, 10], "texture": "#particle"},
				"east": {"uv": [9, 10.25, 10.75, 10.5], "texture": "#particle"},
				"south": {"uv": [9, 10.75, 10.75, 11], "texture": "#particle"},
				"west": {"uv": [9, 11.25, 10.75, 11.5], "texture": "#particle"},
				"up": {"uv": [11, 9.75, 12.75, 11.5], "texture": "#particle"},
				"down": {"uv": [13, 9.75, 14.75, 11.5], "texture": "#particle"}
			}
		}
	],
	"gui_light": "front",
	"display": {
		"thirdperson_righthand": {
			"translation": [0, 2, 0.5]
		},
		"thirdperson_lefthand": {
			"translation": [0, 2, 0.5]
		},
		"firstperson_righthand": {
			"rotation": [0, -45, -8],
			"translation": [0, 2.25, 1],
			"scale": [0.9, 0.9, 0.9]
		},
		"firstperson_lefthand": {
			"rotation": [0, -45, -8],
			"translation": [0, 2.25, 1],
			"scale": [0.9, 0.9, 0.9]
		},
		"ground": {
			"rotation": [45, 0, 0],
			"translation": [0, 1.5, 0],
			"scale": [0.5, 0.5, 0.5]
		},
		"gui": {
			"rotation": [45, 45, -67],
			"translation": [-0.25, -0.75, 0]
		},
		"head": {
			"scale": [0.86, 0.86, 0.86]
		},
		"fixed": {
			"rotation": [0, 0, 45],
			"translation": [0.75, -0.75, -1],
			"scale": [1.5, 1.5, 1.5]
		}
	},
	"groups": [
		0,
		1,
		2,
		3,
		4,
		5,
		6,
		{
			"name": "blades",
			"origin": [8, 14.25, 8],
			"color": 0,
			"children": [7, 8, 9, 10, 11, 12]
		}
	]
}