{
	"parent": "crossbow",
	"texture_size": [64, 64],
	"textures": {
		"0": "item/musket",
		"particle": "item/musket"
	},
	"elements": [
		{
			"from": [7, 10, -1],
			"to": [9, 12, 18],
			"rotation": {"angle": 0, "axis": "y", "origin": [0, 0, 15]},
			"faces": {
				"north": {"uv": [5.75, 0.75, 5, 1.5], "texture": "#0"},
				"east": {"uv": [4.75, 2.25, 0, 2.75], "texture": "#0"},
				"west": {"uv": [0, 0.75, 4.75, 1.25], "texture": "#0"},
				"up": {"uv": [0, 1.5, 4.75, 2], "rotation": 90, "texture": "#0"},
				"down": {"uv": [4.75, 3, 0, 3.5], "rotation": 90, "texture": "#0"}
			}
		},
		{
			"from": [6.5, 9, 2],
			"to": [9.5, 11, 18],
			"rotation": {"angle": 0, "axis": "y", "origin": [0, 0, 15]},
			"faces": {
				"north": {"uv": [5, 3.75, 4.25, 4.25], "texture": "#0"},
				"east": {"uv": [4, 5.5, 0, 6], "texture": "#0"},
				"west": {"uv": [0, 3.75, 4, 4.25], "texture": "#0"},
				"up": {"uv": [0, 4.5, 4, 5.25], "rotation": 90, "texture": "#0"},
				"down": {"uv": [4, 6.25, 0, 7], "rotation": 90, "texture": "#0"}
			}
		},
		{
			"from": [6.5, 8.5, 18],
			"to": [9.5, 12.5, 23],
			"rotation": {"angle": 0, "axis": "y", "origin": [0, 0, 15]},
			"faces": {
				"north": {"uv": [8.25, 0.75, 7.5, 1.75], "texture": "#0"},
				"east": {"uv": [7.25, 3, 6, 4], "texture": "#0"},
				"south": {"uv": [7.5, 3, 8.25, 4], "texture": "#0"},
				"west": {"uv": [6, 0.75, 7.25, 1.75], "texture": "#0"},
				"up": {"uv": [6, 2, 7.25, 2.75], "rotation": 90, "texture": "#0"},
				"down": {"uv": [7.25, 4.25, 6, 5], "rotation": 90, "texture": "#0"}
			}
		},
		{
			"from": [7.8, 10.8, -5],
			"to": [8.2, 11.2, 7.9],
			"rotation": {"angle": 0, "axis": "y", "origin": [8, 4.8, 9.45]},
			"faces": {
				"north": {"uv": [4.75, 7.25, 5, 7.5], "texture": "#0"},
				"east": {"uv": [0, 7.25, 4.5, 7.5], "texture": "#0"},
				"west": {"uv": [4.5, 8.25, 0, 8.5], "texture": "#0"},
				"up": {"uv": [0, 7.75, 4.5, 8], "rotation": 270, "texture": "#0"},
				"down": {"uv": [4.5, 8.75, 0, 9], "rotation": 270, "texture": "#0"}
			}
		},
		{
			"from": [7.7, 10.7, 7.9],
			"to": [8.3, 11.3, 8.1],
			"rotation": {"angle": 0, "axis": "y", "origin": [8, 4.8, 9.45]},
			"faces": {
				"north": {"uv": [5.75, 8.75, 6, 9], "rotation": 90, "texture": "#0"},
				"east": {"uv": [4.75, 8.25, 5, 8.5], "texture": "#0"},
				"south": {"uv": [6, 8.25, 5.75, 8.5], "rotation": 90, "texture": "#0"},
				"west": {"uv": [5, 8.75, 4.75, 9], "texture": "#0"},
				"up": {"uv": [5.25, 8.25, 5.5, 8.5], "rotation": 270, "texture": "#0"},
				"down": {"uv": [5.5, 8.75, 5.25, 9], "rotation": 270, "texture": "#0"}
			}
		},
		{
			"from": [6.75, 5.50375, 27.64779],
			"to": [9.25, 9.00375, 31.64779],
			"rotation": {"angle": 0, "axis": "y", "origin": [0.25, -2.99625, 13.64779]},
			"faces": {
				"east": {"uv": [13.25, 3, 12.25, 4], "texture": "#0"},
				"south": {"uv": [13.5, 3, 14.25, 4], "texture": "#0"},
				"west": {"uv": [12.25, 0.75, 13.25, 1.75], "texture": "#0"},
				"up": {"uv": [12.25, 2, 13.25, 2.75], "rotation": 90, "texture": "#0"},
				"down": {"uv": [13.25, 4.25, 12.25, 5], "rotation": 90, "texture": "#0"}
			}
		},
		{
			"from": [6.76, 5.38957, 24.72182],
			"to": [9.24, 9.13957, 28.22182],
			"rotation": {"angle": 22.5, "axis": "x", "origin": [7.99, 6.88957, 28.22182]},
			"faces": {
				"north": {"uv": [12, 0.75, 11.25, 1], "texture": "#0"},
				"east": {"uv": [11, 3, 10, 4], "texture": "#0"},
				"west": {"uv": [10, 0.75, 11, 1.75], "texture": "#0"},
				"up": {"uv": [10, 2, 11, 2.75], "rotation": 90, "texture": "#0"},
				"down": {"uv": [11, 4.25, 10, 5], "rotation": 90, "texture": "#0"}
			}
		},
		{
			"from": [6.75, 8.31802, 20.85355],
			"to": [9.25, 11.31802, 25.85355],
			"rotation": {"angle": 45, "axis": "x", "origin": [8, 9.31802, 23.35355]},
			"faces": {
				"east": {"uv": [9.75, 3, 8.5, 3.75], "texture": "#0"},
				"west": {"uv": [8.5, 0.75, 9.75, 1.5], "texture": "#0"},
				"up": {"uv": [8.5, 2, 9.75, 2.75], "rotation": 90, "texture": "#0"},
				"down": {"uv": [9.75, 4.25, 8.5, 5], "rotation": 90, "texture": "#0"}
			}
		},
		{
			"from": [8, 5.5, 19],
			"to": [8, 8.5, 23],
			"rotation": {"angle": 0, "axis": "y", "origin": [0, 0, 15]},
			"faces": {
				"east": {"uv": [11.75, 7.25, 10.75, 8], "texture": "#0"},
				"west": {"uv": [10.75, 5.25, 11.75, 6], "texture": "#0"}
			}
		},
		{
			"from": [9.61863, 10.5, 19.44463],
			"to": [9.61863, 14.5, 23.44463],
			"rotation": {"angle": 22.5, "axis": "y", "origin": [9.94849, 12.7185, 19.5]},
			"faces": {
				"east": {"uv": [10.5, 7.25, 9.5, 8.25], "texture": "#0"},
				"west": {"uv": [9.5, 5.25, 10.5, 6.25], "texture": "#0"}
			}
		},
		{
			"from": [6.25, 9.5, 15],
			"to": [9.75, 11.5, 22],
			"rotation": {"angle": 0, "axis": "y", "origin": [0, 0, 15]},
			"faces": {
				"north": {"uv": [9.25, 7.25, 8.25, 7.75], "texture": "#0"},
				"east": {"uv": [8, 7.25, 6.25, 7.75], "texture": "#0"},
				"south": {"uv": [8.25, 5.25, 9.25, 5.75], "texture": "#0"},
				"west": {"uv": [6.25, 5.25, 8, 5.75], "texture": "#0"},
				"up": {"uv": [6.25, 6, 8, 7], "rotation": 90, "texture": "#0"},
				"down": {"uv": [8, 8, 6.25, 9], "rotation": 90, "texture": "#0"}
			}
		},
		{
			"from": [9.74, 9.5, 18],
			"to": [9.74, 13.5, 19],
			"rotation": {"angle": -22.5, "axis": "x", "origin": [9.75, 11.5, 18.5]},
			"faces": {
				"east": {"uv": [12.25, 5.25, 12, 6.25], "texture": "#0"},
				"west": {"uv": [12.5, 5.25, 12.75, 6.25], "texture": "#0"}
			}
		}
	],
	"display": {
		"thirdperson_righthand": {
			"rotation": [91, 18, 0],
			"translation": [-2, 4.75, -2.75],
			"scale": [0.75, 0.75, 0.75]
		},
		"thirdperson_lefthand": {
			"rotation": [91, 18, 0],
			"translation": [-2, 4.75, -2.75],
			"scale": [0.75, 0.75, 0.75]
		},
		"firstperson_righthand": {
			"rotation": [50, -12, 0],
			"translation": [5.5, 4, -9.25],
			"scale": [0.8, 0.8, 0.73]
		},
		"firstperson_lefthand": {
			"rotation": [50, -12, 0],
			"translation": [5.5, 4, -9.25],
			"scale": [0.8, 0.8, 0.73]
		},
		"ground": {
			"rotation": [0, 0, 90],
			"translation": [0, -2, 0],
			"scale": [0.75, 0.75, 0.75]
		},
		"gui": {
			"rotation": [90, 54, -90],
			"translation": [2.5, -2.25, 0],
			"scale": [0.72, 0.72, 0.61]
		},
		"fixed": {
			"rotation": [0, 90, 0],
			"translation": [4.5, -2, -1.5]
		}
	},
	"groups": [
		0,
		1,
		2,
		{
			"name": "ramrod",
			"origin": [0, 0, 0],
			"color": 0,
			"children": [3, 4]
		},
		{
			"name": "handle",
			"origin": [8, 9.31802, 8.35355],
			"color": 0,
			"children": [5, 6, 7, 8]
		},
		{
			"name": "flintlock",
			"origin": [0, 0, 2],
			"color": 0,
			"children": [9, 10, 11]
		}
	]
}