{
	"textures": {
		"particle": "block/custom/invi_plate_down",
		"texture": "block/custom/invi_plate_down"
	},
	"elements": [
		{
			"from": [6, 0, 11],
			"to": [10, 0.1, 12],
			"faces": {
				"up": {"uv": [6, 11, 10, 12], "texture": "#texture"},
				"down": {"uv": [6, 11, 10, 12], "texture": "#texture", "cullface": "down"}
			}
		},
		{
			"from": [6, 0, 4],
			"to": [10, 0.1, 5],
			"faces": {
				"up": {"uv": [6, 4, 10, 5], "texture": "#texture"},
				"down": {"uv": [6, 4, 10, 5], "texture": "#texture", "cullface": "down"}
			}
		},
		{
			"from": [4, 0, 6],
			"to": [12, 0.1, 10],
			"faces": {
				"up": {"uv": [4, 6, 12, 10], "texture": "#texture"},
				"down": {"uv": [4, 6, 12, 10], "texture": "#texture", "cullface": "down"}
			}
		},
		{
			"from": [5, 0, 10],
			"to": [11, 0.1, 11],
			"faces": {
				"up": {"uv": [5, 10, 11, 11], "texture": "#texture"},
				"down": {"uv": [5, 10, 11, 11], "texture": "#texture", "cullface": "down"}
			}
		},
		{
			"from": [5, 0, 5],
			"to": [11, 0.1, 6],
			"faces": {
				"up": {"uv": [5, 5, 11, 6], "texture": "#texture"},
				"down": {"uv": [5, 5, 11, 6], "texture": "#texture", "cullface": "down"}
			}
		}
	],
	"display": {
		"thirdperson_righthand": {
			"rotation": [75, 45, 0],
			"translation": [0, 2.5, 2],
			"scale": [0.375, 0.375, 0.375]
		},
		"firstperson_righthand": {
			"rotation": [0, 45, 0],
			"translation": [0, 4.2, 0],
			"scale": [0.4, 0.4, 0.4]
		},
		"firstperson_lefthand": {
			"rotation": [0, 225, 0],
			"translation": [0, 4.2, 0],
			"scale": [0.4, 0.4, 0.4]
		},
		"ground": {
			"translation": [0, 3, 0],
			"scale": [0.25, 0.25, 0.25]
		},
		"gui": {
			"rotation": [30, 225, 0],
			"scale": [0.625, 0.625, 0.625]
		},
		"fixed": {
			"scale": [0.5, 0.5, 0.5]
		}
	}
}