{
	"parent": "block/block",
	"textures": {
		"particle": "block/burnt_lantern",
		"lantern": "block/burnt_lantern"
	},
	"elements": [
		{
			"from": [5, 0, 5],
			"to": [11, 7, 11],
			"faces": {
				"north": {"uv": [0, 2, 6, 9], "texture": "#lantern"},
				"east": {"uv": [0, 2, 6, 9], "texture": "#lantern"},
				"south": {"uv": [0, 2, 6, 9], "texture": "#lantern"},
				"west": {"uv": [0, 2, 6, 9], "texture": "#lantern"},
				"up": {"uv": [0, 9, 6, 15], "texture": "#lantern"},
				"down": {"uv": [0, 9, 6, 15], "texture": "#lantern", "cullface": "down"}
			}
		},
		{
			"from": [6, 7, 6],
			"to": [10, 9, 10],
			"faces": {
				"north": {"uv": [1, 0, 5, 2], "texture": "#lantern"},
				"east": {"uv": [1, 0, 5, 2], "texture": "#lantern"},
				"south": {"uv": [1, 0, 5, 2], "texture": "#lantern"},
				"west": {"uv": [1, 0, 5, 2], "texture": "#lantern"},
				"up": {"uv": [1, 10, 5, 14], "texture": "#lantern"}
			}
		},
		{
			"from": [6.5, 9, 8],
			"to": [7.5, 11, 8],
			"shade": false,
			"rotation": {"angle": 45, "axis": "y", "origin": [8, 8, 8]},
			"faces": {
				"north": {"uv": [14, 1, 13, 3], "texture": "#lantern"},
				"south": {"uv": [12, 1, 11, 3], "texture": "#lantern"}
			}
		},
		{
			"from": [7.5, 10, 8],
			"to": [8.5, 11, 8],
			"shade": false,
			"rotation": {"angle": 45, "axis": "y", "origin": [8, 8, 8]},
			"faces": {
				"north": {"uv": [13, 1, 12, 2], "texture": "#lantern"},
				"south": {"uv": [13, 1, 12, 2], "texture": "#lantern"}
			}
		},
		{
			"from": [8.5, 9, 8],
			"to": [9.5, 11, 8],
			"shade": false,
			"rotation": {"angle": 45, "axis": "y", "origin": [8, 8, 8]},
			"faces": {
				"north": {"uv": [12, 1, 11, 3], "texture": "#lantern"},
				"south": {"uv": [13, 1, 14, 3], "texture": "#lantern"}
			}
		},
		{
			"from": [6.5, 9, 8],
			"to": [7.5, 11, 8],
			"shade": false,
			"rotation": {"angle": -45, "axis": "y", "origin": [8, 10.25, 8]},
			"faces": {
				"north": {"uv": [14, 1, 13, 3], "texture": "#lantern"},
				"south": {"uv": [11, 1, 12, 3], "texture": "#lantern"}
			}
		},
		{
			"from": [7.5, 10, 8],
			"to": [8.5, 11, 8],
			"shade": false,
			"rotation": {"angle": -45, "axis": "y", "origin": [8, 10.25, 8]},
			"faces": {
				"north": {"uv": [13, 1, 12, 2], "texture": "#lantern"},
				"south": {"uv": [12, 1, 13, 2], "texture": "#lantern"}
			}
		},
		{
			"from": [8.5, 9, 8],
			"to": [9.5, 11, 8],
			"shade": false,
			"rotation": {"angle": -45, "axis": "y", "origin": [8, 10.25, 8]},
			"faces": {
				"north": {"uv": [12, 1, 11, 3], "texture": "#lantern"},
				"south": {"uv": [13, 1, 14, 3], "texture": "#lantern"}
			}
		}
	]
}