{
	"parent": "block/block",
	"textures": {
		"particle": "block/burnt_lantern",
		"lantern": "block/burnt_lantern"
	},
	"elements": [
		{
			"from": [5, 1, 5],
			"to": [11, 8, 11],
			"faces": {
				"north": {"uv": [0, 2, 6, 9], "texture": "#lantern"},
				"east": {"uv": [0, 2, 6, 9], "texture": "#lantern"},
				"south": {"uv": [0, 2, 6, 9], "texture": "#lantern"},
				"west": {"uv": [0, 2, 6, 9], "texture": "#lantern"},
				"up": {"uv": [0, 9, 6, 15], "texture": "#lantern"},
				"down": {"uv": [0, 9, 6, 15], "texture": "#lantern"}
			}
		},
		{
			"from": [6, 8, 6],
			"to": [10, 10, 10],
			"faces": {
				"north": {"uv": [1, 0, 5, 2], "texture": "#lantern"},
				"east": {"uv": [1, 0, 5, 2], "texture": "#lantern"},
				"south": {"uv": [1, 0, 5, 2], "texture": "#lantern"},
				"west": {"uv": [1, 0, 5, 2], "texture": "#lantern"},
				"up": {"uv": [1, 10, 5, 14], "texture": "#lantern"},
				"down": {"uv": [1, 10, 5, 14], "texture": "#lantern"}
			}
		},
		{
			"from": [8.5, 11, 8],
			"to": [9.5, 15, 8],
			"shade": false,
			"rotation": {"angle": 45, "axis": "y", "origin": [8, 8, 8]},
			"faces": {
				"north": {"uv": [12, 1, 11, 5], "texture": "#lantern"},
				"south": {"uv": [13, 1, 14, 5], "texture": "#lantern"}
			}
		},
		{
			"from": [7.5, 11, 8],
			"to": [8.5, 12, 8],
			"shade": false,
			"rotation": {"angle": 45, "axis": "y", "origin": [8, 8, 8]},
			"faces": {
				"north": {"uv": [13, 4, 12, 5], "texture": "#lantern"},
				"south": {"uv": [12, 4, 13, 5], "texture": "#lantern"}
			}
		},
		{
			"from": [7.5, 14, 8],
			"to": [8.5, 15, 8],
			"shade": false,
			"rotation": {"angle": 45, "axis": "y", "origin": [8, 8, 8]},
			"faces": {
				"north": {"uv": [13, 1, 12, 2], "texture": "#lantern"},
				"south": {"uv": [12, 1, 13, 2], "texture": "#lantern"}
			}
		},
		{
			"from": [6.5, 11, 8],
			"to": [7.5, 15, 8],
			"shade": false,
			"rotation": {"angle": 45, "axis": "y", "origin": [8, 8, 8]},
			"faces": {
				"north": {"uv": [14, 1, 13, 5], "texture": "#lantern"},
				"south": {"uv": [11, 1, 12, 5], "texture": "#lantern"}
			}
		},
		{
			"from": [8, 10, 8.5],
			"to": [8, 12, 9.5],
			"shade": false,
			"rotation": {"angle": 45, "axis": "y", "origin": [8, 8, 8]},
			"faces": {
				"east": {"uv": [11, 10, 12, 12], "texture": "#lantern"},
				"west": {"uv": [14, 10, 13, 12], "texture": "#lantern"}
			}
		},
		{
			"from": [8, 11, 7.5],
			"to": [8, 12, 8.5],
			"shade": false,
			"rotation": {"angle": 45, "axis": "y", "origin": [8, 8, 8]},
			"faces": {
				"east": {"uv": [12, 10, 13, 11], "texture": "#lantern"},
				"west": {"uv": [13, 10, 12, 11], "texture": "#lantern"}
			}
		},
		{
			"from": [8, 14, 6.5],
			"to": [8, 16, 7.5],
			"shade": false,
			"rotation": {"angle": 45, "axis": "y", "origin": [8, 8, 8]},
			"faces": {
				"east": {"uv": [13, 6, 14, 8], "texture": "#lantern"},
				"west": {"uv": [12, 6, 11, 8], "texture": "#lantern"}
			}
		},
		{
			"from": [8, 14, 8.5],
			"to": [8, 16, 9.5],
			"shade": false,
			"rotation": {"angle": 45, "axis": "y", "origin": [8, 8, 8]},
			"faces": {
				"east": {"uv": [11, 6, 12, 8], "texture": "#lantern"},
				"west": {"uv": [14, 6, 13, 8], "texture": "#lantern"}
			}
		},
		{
			"from": [8, 14, 7.5],
			"to": [8, 15, 8.5],
			"shade": false,
			"rotation": {"angle": 45, "axis": "y", "origin": [8, 8, 8]},
			"faces": {
				"east": {"uv": [12, 7, 13, 8], "texture": "#lantern"},
				"west": {"uv": [13, 7, 12, 8], "texture": "#lantern"}
			}
		},
		{
			"from": [8, 10, 6.5],
			"to": [8, 12, 7.5],
			"shade": false,
			"rotation": {"angle": 45, "axis": "y", "origin": [8, 8, 8]},
			"faces": {
				"east": {"uv": [13, 10, 14, 12], "texture": "#lantern"},
				"west": {"uv": [12, 10, 11, 12], "texture": "#lantern"}
			}
		}
	]
}