{
	"textures": {
		"particle": "block/cobblestone",
		"cobblestone": "block/cobblestone",
		"coarse_dirt": "block/coarse_dirt"
	},
	"elements": [
		{
			"name": "Cube",
			"from": [13.3, 0, 0],
			"to": [16.3, 14, 16],
			"rotation": {"angle": 0, "axis": "y", "origin": [-0.7, 0, 0]},
			"faces": {
				"north": {"uv": [0, 0, 3, 14], "texture": "#cobblestone"},
				"east": {"uv": [0, 0, 16, 14], "texture": "#cobblestone", "cullface": "east"},
				"south": {"uv": [0, 0, 3, 14], "texture": "#cobblestone"},
				"west": {"uv": [0, 0, 16, 14], "texture": "#cobblestone"},
				"down": {"uv": [0, 0, 3, 16], "rotation": 180, "texture": "#cobblestone", "cullface": "down"}
			}
		},
		{
			"name": "Cube",
			"from": [13.3, 14, 2],
			"to": [16.3, 16, 14],
			"rotation": {"angle": 0, "axis": "y", "origin": [-0.7, 0, 0]},
			"faces": {
				"north": {"uv": [0, 0, 3, 2], "texture": "#cobblestone"},
				"east": {"uv": [0, 0, 12, 2], "texture": "#cobblestone", "cullface": "east"},
				"south": {"uv": [0, 0, 3, 2], "texture": "#cobblestone"},
				"west": {"uv": [0, 0, 12, 2], "texture": "#cobblestone"},
				"up": {"uv": [0, 0, 3, 12], "rotation": 180, "texture": "#cobblestone"}
			}
		},
		{
			"name": "Cube",
			"from": [13.31, 15.84252, 6.57667],
			"to": [16.29, 17.84252, 9.40667],
			"rotation": {"angle": -45, "axis": "x", "origin": [7.3, 7.98252, 7.92667]},
			"faces": {
				"east": {"uv": [0, 0, 3, 2], "texture": "#cobblestone", "cullface": "east"},
				"west": {"uv": [0, 0, 3, 2], "texture": "#cobblestone"},
				"up": {"uv": [0, 0, 3, 3], "rotation": 90, "texture": "#cobblestone"}
			}
		},
		{
			"name": "Cube",
			"from": [13.31, 15.82838, 6.58748],
			"to": [16.29, 17.82838, 9.41748],
			"rotation": {"angle": 45, "axis": "x", "origin": [7.3, 7.96838, 8.08748]},
			"faces": {
				"east": {"uv": [0, 0, 3, 2], "texture": "#cobblestone", "cullface": "east"},
				"west": {"uv": [0, 0, 3, 2], "texture": "#cobblestone"},
				"up": {"uv": [0, 0, 3, 3], "rotation": 90, "texture": "#cobblestone"}
			}
		},
		{
			"name": "Cube",
			"from": [0, 0, 0],
			"to": [13.3, 0, 16],
			"faces": {
				"up": {"uv": [0, 0, 14, 16], "texture": "#coarse_dirt"},
				"down": {"uv": [0, 0, 14, 16], "texture": "#coarse_dirt", "cullface": "down"}
			}
		}
	],
	"display": {
        "gui": {
            "rotation": [ 30, 135, 0 ],
            "translation": [ 0, 0, 0],
            "scale":[ 0.625, 0.625, 0.625 ]
        },
		"ground": {
            "rotation": [ 0, 0, 0 ],
            "translation": [ 0, 3, 0],
            "scale":[ 0.25, 0.25, 0.25 ]
        },
        "fixed": {
            "rotation": [ 0, 0, 0 ],
            "translation": [ 0, 0, 0],
            "scale":[ 0.5, 0.5, 0.5 ]
        },
        "thirdperson_righthand": {
            "rotation": [ 75, 45, 0 ],
            "translation": [ 0, 2.5, 0],
            "scale": [ 0.375, 0.375, 0.375 ]
        },
        "firstperson_righthand": {
            "rotation": [ 0, 45, 0 ],
            "translation": [ 0, 0, 0 ],
            "scale": [ 0.40, 0.40, 0.40 ]
        },
        "head": {
            "rotation": [ 0, -90, 0 ],
            "translation": [ 0, 0, 0 ],
            "scale": [ 1, 1, 1 ]
        },
        "thirdperson_lefthand": {
            "rotation": [ 75, -135, 0 ],
            "translation": [ 0, 2.5, 0],
            "scale": [ 0.375, 0.375, 0.375 ]
        },
        "firstperson_lefthand": {
            "rotation": [ 0, 225, 0 ],
            "translation": [ 0, 0, 0 ],
            "scale": [ 0.40, 0.40, 0.40 ]
        }
	}
}