{
	"textures": {
		"hook": "block/tripwire_hook",
		"particle": "block/oak_planks",
		"wood": "block/oak_planks"
	},
	"elements": [
		{
			"from": [7.25, 1.25, 9.65],
			"to": [9.05, 1.65, 11.45],
			"rotation": {"angle": -45, "axis": "x", "origin": [8, 7.75, 5.2]},
			"faces": {
				"north": {"uv": [5, 3, 11, 4], "texture": "#hook"},
				"east": {"uv": [5, 3, 11, 4], "texture": "#hook"},
				"south": {"uv": [5, 8, 11, 9], "texture": "#hook"},
				"west": {"uv": [5, 8, 11, 9], "texture": "#hook"},
				"up": {"uv": [5, 3, 11, 9], "texture": "#hook"},
				"down": {"uv": [5, 3, 11, 9], "texture": "#hook"}
			}
		},
		{
			"from": [7.85, 1.25, 10.85],
			"to": [8.45, 1.65, 10.85],
			"rotation": {"angle": -45, "axis": "x", "origin": [8, 7.75, 5.2]},
			"faces": {
				"north": {"uv": [7, 8, 9, 9], "texture": "#hook"}
			}
		},
		{
			"from": [7.85, 1.25, 10.25],
			"to": [8.45, 1.65, 10.25],
			"rotation": {"angle": -45, "axis": "x", "origin": [8, 7.75, 5.2]},
			"faces": {
				"south": {"uv": [7, 3, 9, 4], "texture": "#hook"}
			}
		},
		{
			"from": [7.85, 1.25, 10.25],
			"to": [7.85, 1.65, 10.85],
			"rotation": {"angle": -45, "axis": "x", "origin": [8, 7.75, 5.2]},
			"faces": {
				"east": {"uv": [7, 8, 9, 9], "texture": "#hook"}
			}
		},
		{
			"from": [8.45, 1.25, 10.25],
			"to": [8.45, 1.65, 10.85],
			"rotation": {"angle": -45, "axis": "x", "origin": [8, 7.75, 5.2]},
			"faces": {
				"west": {"uv": [7, 3, 9, 4], "texture": "#hook"}
			}
		},
		{
			"from": [7.8, 7.35, 14.25],
			"to": [8.5, 8.15, 16.25],
			"rotation": {"angle": 45, "axis": "x", "origin": [8, 7.75, 14]},
			"faces": {
				"north": {"uv": [7, 9, 9, 11], "texture": "#wood"},
				"east": {"uv": [9, 9, 14, 11], "texture": "#wood"},
				"south": {"uv": [7, 9, 9, 11], "texture": "#wood"},
				"west": {"uv": [2, 9, 7, 11], "texture": "#wood"},
				"up": {"uv": [7, 2, 9, 7], "texture": "#wood"},
				"down": {"uv": [7, 9, 9, 14], "texture": "#wood"}
			}
		},
		{
			"from": [7, 4.75, 15.5],
			"to": [9, 8.75, 16],
			"rotation": {"angle": 0, "axis": "y", "origin": [0, 1.75, 0]},
			"faces": {
				"north": {"uv": [6, 7, 10, 15], "texture": "#wood"},
				"east": {"uv": [14, 7, 16, 15], "texture": "#wood"},
				"south": {"uv": [6, 7, 10, 15], "texture": "#wood", "cullface": "south"},
				"west": {"uv": [0, 7, 2, 15], "texture": "#wood"},
				"up": {"uv": [6, 0, 10, 2], "texture": "#wood"},
				"down": {"uv": [6, 14, 10, 16], "texture": "#wood"}
			}
		}
	]
}