{
	"textures": {
		"particle": "block/oak_planks"
	},
	"elements": [
		{
			"from": [8.45, 6.22825, 12.38779],
			"to": [8.45, 6.62825, 12.98779],
			"rotation": {"angle": 0, "axis": "x", "origin": [8.15, 7.07825, 13.43779]},
			"faces": {
				"west": {"uv": [7, 3, 9, 4], "texture": "#missing"}
			}
		},
		{
			"from": [7.25, 6.22825, 11.78779],
			"to": [9.05, 6.62825, 13.58779],
			"rotation": {"angle": 0, "axis": "x", "origin": [8.15, 7.07825, 13.43779]},
			"faces": {
				"north": {"uv": [5, 3, 11, 4], "texture": "#missing"},
				"east": {"uv": [5, 3, 11, 4], "texture": "#missing"},
				"south": {"uv": [5, 8, 11, 9], "texture": "#missing"},
				"west": {"uv": [5, 8, 11, 9], "texture": "#missing"},
				"up": {"uv": [5, 3, 11, 9], "texture": "#missing"},
				"down": {"uv": [5, 3, 11, 9], "texture": "#missing"}
			}
		},
		{
			"from": [7.85, 6.22825, 12.98779],
			"to": [8.45, 6.62825, 12.98779],
			"rotation": {"angle": 0, "axis": "x", "origin": [8.15, 7.07825, 13.43779]},
			"faces": {
				"north": {"uv": [7, 8, 9, 9], "texture": "#missing"}
			}
		},
		{
			"from": [7.85, 6.22825, 12.38779],
			"to": [8.45, 6.62825, 12.38779],
			"rotation": {"angle": 0, "axis": "x", "origin": [8.15, 7.07825, 13.43779]},
			"faces": {
				"south": {"uv": [7, 3, 9, 4], "texture": "#missing"}
			}
		},
		{
			"from": [7.85, 6.22825, 12.38779],
			"to": [7.85, 6.62825, 12.98779],
			"rotation": {"angle": 0, "axis": "x", "origin": [8.15, 7.07825, 13.43779]},
			"faces": {
				"east": {"uv": [7, 8, 9, 9], "texture": "#missing"}
			}
		},
		{
			"from": [7.8, 6.46612, 13.53388],
			"to": [8.5, 7.26612, 15.53388],
			"rotation": {"angle": -22.5, "axis": "x", "origin": [8.15, 6.86612, 14.88388]},
			"faces": {
				"north": {"uv": [7, 9, 9, 11], "rotation": 180, "texture": "#missing"},
				"east": {"uv": [9, 9, 14, 11], "rotation": 180, "texture": "#missing"},
				"south": {"uv": [7, 9, 9, 11], "rotation": 180, "texture": "#missing"},
				"west": {"uv": [2, 9, 7, 11], "rotation": 180, "texture": "#missing"},
				"up": {"uv": [7, 9, 9, 14], "texture": "#missing"},
				"down": {"uv": [7, 2, 9, 7], "texture": "#missing"}
			}
		},
		{
			"from": [7, 4.75, 15.5],
			"to": [9, 8.75, 16],
			"rotation": {"angle": 0, "axis": "y", "origin": [0, 1.75, 0]},
			"faces": {
				"north": {"uv": [6, 7, 10, 15], "texture": "#missing"},
				"east": {"uv": [14, 7, 16, 15], "texture": "#missing"},
				"south": {"uv": [6, 7, 10, 15], "texture": "#missing", "cullface": "south"},
				"west": {"uv": [0, 7, 2, 15], "texture": "#missing"},
				"up": {"uv": [6, 0, 10, 2], "texture": "#missing"},
				"down": {"uv": [6, 14, 10, 16], "texture": "#missing"}
			}
		}
	]
}