{
	"textures": {
		"hook": "block/tripwire_hook",
		"particle": "block/oak_planks",
		"wood": "block/oak_planks",
		"tripwire": "block/tripwire"
	},
	"elements": [
		{
			"from": [7, 4.75, 15.5],
			"to": [9, 8.75, 16],
			"rotation": {"angle": 0, "axis": "y", "origin": [0, 1.75, 0]},
			"faces": {
				"north": {"uv": [6, 7, 10, 15], "texture": "#wood"},
				"east": {"uv": [14, 7, 16, 15], "texture": "#wood"},
				"south": {"uv": [6, 7, 10, 15], "texture": "#wood", "cullface": "south"},
				"west": {"uv": [0, 7, 2, 15], "texture": "#wood"},
				"up": {"uv": [6, 0, 10, 2], "texture": "#wood"},
				"down": {"uv": [6, 14, 10, 16], "texture": "#wood"}
			}
		},
		{
			"from": [7.65, 6.8, 13.55],
			"to": [8.35, 7.6, 15.55],
			"rotation": {"angle": -22.5, "axis": "x", "origin": [8, 7.2, 14.5]},
			"faces": {
				"north": {"uv": [7, 9, 9, 11], "texture": "#wood"},
				"east": {"uv": [9, 9, 14, 11], "texture": "#wood"},
				"south": {"uv": [7, 9, 9, 11], "texture": "#wood"},
				"west": {"uv": [2, 9, 7, 11], "texture": "#wood"},
				"up": {"uv": [7, 2, 9, 7], "texture": "#wood"},
				"down": {"uv": [7, 9, 9, 14], "texture": "#wood"}
			}
		},
		{
			"from": [7.25, 6.50307, 11.80302],
			"to": [9.05, 6.90307, 13.60302],
			"rotation": {"angle": 0, "axis": "x", "origin": [8.15, 7.30307, 12.60302]},
			"faces": {
				"north": {"uv": [5, 3, 11, 4], "texture": "#hook"},
				"east": {"uv": [5, 3, 11, 4], "texture": "#hook"},
				"south": {"uv": [5, 8, 11, 9], "texture": "#hook"},
				"west": {"uv": [5, 8, 11, 9], "texture": "#hook"},
				"up": {"uv": [5, 3, 11, 9], "texture": "#hook"},
				"down": {"uv": [5, 3, 11, 9], "texture": "#hook"}
			}
		},
		{
			"from": [7.75, 5.38521, -0.42339],
			"to": [8.25, 5.38521, 11.52661],
			"rotation": {"angle": -22.5, "axis": "x", "origin": [8.15, 5.52053, 9.05445], "rescale": true},
			"faces": {
				"north": {"uv": [0, 0, 0, 0], "texture": "#tripwire"},
				"east": {"uv": [0, 0, 0, 0], "texture": "#tripwire"},
				"south": {"uv": [0, 0, 0, 0], "texture": "#tripwire"},
				"west": {"uv": [0, 0, 0, 0], "texture": "#tripwire"},
				"up": {"uv": [0, 6, 16, 11], "rotation": 90, "texture": "#tripwire"},
				"down": {"uv": [16, 6, 0, 11], "rotation": 90, "texture": "#tripwire"}
			}
		},
		{
			"from": [8.45, 6.50307, 12.40302],
			"to": [8.45, 6.90307, 13.00302],
			"rotation": {"angle": 0, "axis": "x", "origin": [8.15, 7.30307, 12.60302]},
			"faces": {
				"north": {"uv": [0, 0, 0, 0], "texture": "#hook"},
				"east": {"uv": [0, 0, 0, 0], "texture": "#hook"},
				"south": {"uv": [0, 0, 0, 0], "texture": "#hook"},
				"west": {"uv": [7, 3, 9, 4], "texture": "#hook"},
				"up": {"uv": [0, 0, 0, 0], "texture": "#hook"},
				"down": {"uv": [0, 0, 0, 0], "texture": "#hook"}
			}
		},
		{
			"from": [7.85, 6.50307, 12.40302],
			"to": [7.85, 6.90307, 13.00302],
			"rotation": {"angle": 0, "axis": "x", "origin": [8.15, 7.30307, 12.60302]},
			"faces": {
				"north": {"uv": [0, 0, 0, 0], "texture": "#hook"},
				"east": {"uv": [7, 8, 9, 9], "texture": "#hook"},
				"south": {"uv": [0, 0, 0, 0], "texture": "#hook"},
				"west": {"uv": [0, 0, 0, 0], "texture": "#hook"},
				"up": {"uv": [0, 0, 0, 0], "texture": "#hook"},
				"down": {"uv": [0, 0, 0, 0], "texture": "#hook"}
			}
		},
		{
			"from": [7.85, 6.50307, 12.40302],
			"to": [8.45, 6.90307, 12.40302],
			"rotation": {"angle": 0, "axis": "x", "origin": [8.15, 7.30307, 12.60302]},
			"faces": {
				"north": {"uv": [0, 0, 0, 0], "texture": "#hook"},
				"east": {"uv": [0, 0, 0, 0], "texture": "#hook"},
				"south": {"uv": [7, 3, 9, 4], "texture": "#hook"},
				"west": {"uv": [0, 0, 0, 0], "texture": "#hook"},
				"up": {"uv": [0, 0, 0, 0], "texture": "#hook"},
				"down": {"uv": [0, 0, 0, 0], "texture": "#hook"}
			}
		},
		{
			"from": [7.85, 6.50307, 13.00302],
			"to": [8.45, 6.90307, 13.00302],
			"rotation": {"angle": 0, "axis": "x", "origin": [8.15, 7.30307, 12.60302]},
			"faces": {
				"north": {"uv": [7, 8, 9, 9], "texture": "#hook"},
				"east": {"uv": [0, 0, 0, 0], "texture": "#hook"},
				"south": {"uv": [0, 0, 0, 0], "texture": "#hook"},
				"west": {"uv": [0, 0, 0, 0], "texture": "#hook"},
				"up": {"uv": [0, 0, 0, 0], "texture": "#hook"},
				"down": {"uv": [0, 0, 0, 0], "texture": "#hook"}
			}
		}
	]
}