{
	"textures": {
		"hook": "block/tripwire_hook",
		"particle": "block/oak_planks",
		"wood": "block/oak_planks",
		"tripwire": "block/tripwire"
	},
	"elements": [
		{
			"from": [7.75, 1.5, 0],
			"to": [8.25, 1.5, 11.7],
			"rotation": {"angle": -22.5, "axis": "x", "origin": [8, 0, 0], "rescale": true},
			"faces": {
				"up": {"uv": [0, 6, 16, 11], "rotation": 90, "texture": "#tripwire"},
				"down": {"uv": [16, 6, 0, 11], "rotation": 90, "texture": "#tripwire"}
			}
		},
		{
			"from": [7.25, 7.12825, 11.73779],
			"to": [9.05, 7.52825, 13.53779],
			"rotation": {"angle": -22.5, "axis": "x", "origin": [8.15, 7.07825, 13.43779]},
			"faces": {
				"north": {"uv": [5, 3, 11, 4], "texture": "#hook"},
				"east": {"uv": [5, 3, 11, 4], "texture": "#hook"},
				"south": {"uv": [5, 8, 11, 9], "texture": "#hook"},
				"west": {"uv": [5, 8, 11, 9], "texture": "#hook"},
				"up": {"uv": [5, 3, 11, 9], "texture": "#hook"},
				"down": {"uv": [5, 3, 11, 9], "texture": "#hook"}
			}
		},
		{
			"from": [7.85, 7.12825, 12.93779],
			"to": [8.45, 7.52825, 12.93779],
			"rotation": {"angle": -22.5, "axis": "x", "origin": [8.15, 7.07825, 13.43779]},
			"faces": {
				"north": {"uv": [7, 8, 9, 9], "texture": "#hook"},
				"east": {"uv": [0, 0, 0, 0], "texture": "#hook"},
				"south": {"uv": [0, 0, 0, 0], "texture": "#hook"},
				"west": {"uv": [0, 0, 0, 0], "texture": "#hook"},
				"up": {"uv": [0, 0, 0, 0], "texture": "#hook"},
				"down": {"uv": [0, 0, 0, 0], "texture": "#hook"}
			}
		},
		{
			"from": [7.85, 7.12825, 12.33779],
			"to": [8.45, 7.52825, 12.33779],
			"rotation": {"angle": -22.5, "axis": "x", "origin": [8.15, 7.07825, 13.43779]},
			"faces": {
				"north": {"uv": [0, 0, 0, 0], "texture": "#hook"},
				"east": {"uv": [0, 0, 0, 0], "texture": "#hook"},
				"south": {"uv": [7, 3, 9, 4], "texture": "#hook"},
				"west": {"uv": [0, 0, 0, 0], "texture": "#hook"},
				"up": {"uv": [0, 0, 0, 0], "texture": "#hook"},
				"down": {"uv": [0, 0, 0, 0], "texture": "#hook"}
			}
		},
		{
			"from": [7.85, 7.12825, 12.33779],
			"to": [7.85, 7.52825, 12.93779],
			"rotation": {"angle": -22.5, "axis": "x", "origin": [8.15, 7.07825, 13.43779]},
			"faces": {
				"north": {"uv": [0, 0, 0, 0], "texture": "#hook"},
				"east": {"uv": [7, 8, 9, 9], "texture": "#hook"},
				"south": {"uv": [0, 0, 0, 0], "texture": "#hook"},
				"west": {"uv": [0, 0, 0, 0], "texture": "#hook"},
				"up": {"uv": [0, 0, 0, 0], "texture": "#hook"},
				"down": {"uv": [0, 0, 0, 0], "texture": "#hook"}
			}
		},
		{
			"from": [8.45, 7.12825, 12.33779],
			"to": [8.45, 7.52825, 12.93779],
			"rotation": {"angle": -22.5, "axis": "x", "origin": [8.15, 7.07825, 13.43779]},
			"faces": {
				"north": {"uv": [0, 0, 0, 0], "texture": "#hook"},
				"east": {"uv": [0, 0, 0, 0], "texture": "#hook"},
				"south": {"uv": [0, 0, 0, 0], "texture": "#hook"},
				"west": {"uv": [7, 3, 9, 4], "texture": "#hook"},
				"up": {"uv": [0, 0, 0, 0], "texture": "#hook"},
				"down": {"uv": [0, 0, 0, 0], "texture": "#hook"}
			}
		},
		{
			"from": [7.65, 6.95, 13.5],
			"to": [8.35, 7.75, 15.5],
			"rotation": {"angle": 0, "axis": "x", "origin": [8.65, 6.35, 14.9]},
			"faces": {
				"north": {"uv": [7, 9, 9, 11], "texture": "#wood"},
				"east": {"uv": [9, 9, 14, 11], "texture": "#wood"},
				"south": {"uv": [7, 9, 9, 11], "texture": "#wood"},
				"west": {"uv": [2, 9, 7, 11], "texture": "#wood"},
				"up": {"uv": [7, 2, 9, 7], "texture": "#wood"},
				"down": {"uv": [7, 9, 9, 14], "texture": "#wood"}
			}
		},
		{
			"from": [7, 4.75, 15.5],
			"to": [9, 8.75, 16],
			"rotation": {"angle": 0, "axis": "y", "origin": [0, 1.75, 0]},
			"faces": {
				"north": {"uv": [6, 7, 10, 15], "texture": "#wood"},
				"east": {"uv": [14, 7, 16, 15], "texture": "#wood"},
				"south": {"uv": [6, 7, 10, 15], "texture": "#wood", "cullface": "south"},
				"west": {"uv": [0, 7, 2, 15], "texture": "#wood"},
				"up": {"uv": [6, 0, 10, 2], "texture": "#wood"},
				"down": {"uv": [6, 14, 10, 16], "texture": "#wood"}
			}
		}
	]
}