{
	"ambientocclusion": false,
	"textures": {
		"particle": "block/burnt_torch",
		"minecraft:block/burnt_torch": "block/burnt_torch"
	},
	"elements": [
		{
			"from": [7, 0, 7],
			"to": [9, 10, 9],
			"shade": false,
			"faces": {
				"north": {"uv": [7, 6, 9, 16], "texture": "#minecraft:block/burnt_torch"},
				"east": {"uv": [7, 6, 9, 16], "texture": "#minecraft:block/burnt_torch"},
				"south": {"uv": [7, 6, 9, 16], "texture": "#minecraft:block/burnt_torch"},
				"west": {"uv": [7, 6, 9, 16], "texture": "#minecraft:block/burnt_torch"},
				"up": {"uv": [7, 6, 9, 8], "texture": "#minecraft:block/burnt_torch"},
				"down": {"uv": [7, 13, 9, 15], "texture": "#minecraft:block/burnt_torch"}
			}
		}
	]
}