{
  "parent": "minecraft:item/generated",
  "textures": {
    "layer0": "minecraft:item/brick"
  },
  "overrides": [
		{ "predicate": {"custom_model_data": 2}, "model": "item/custom/ammo_bag"},
		{ "predicate": {"custom_model_data": 3}, "model": "item/custom/gold_key"},
		{ "predicate": {"custom_model_data": 4}, "model": "item/custom/iron_key"},
		{ "predicate": {"custom_model_data": 5}, "model": "item/custom/lock"},
		{ "predicate": {"custom_model_data": 6}, "model": "item/custom/unlock"},
		{ "predicate": {"custom_model_data": 7}, "model": "item/custom/magnifying_glass"},
		{ "predicate": {"custom_model_data": 8}, "model": "item/custom/teaspoon"},
		{ "predicate": {"custom_model_data": 9}, "model": "item/custom/tinkering_spork"},
		{ "predicate": {"custom_model_data": 10}, "model": "item/custom/musket/musket_reloaded"},
		{ "predicate": {"custom_model_data": 11}, "model": "item/custom/stamp"},
		{ "predicate": {"custom_model_data": 13}, "model": "item/custom/handcuffs"},
		{ "predicate": {"custom_model_data": 14}, "model": "item/custom/tinderbox"},
		{ "predicate": {"custom_model_data": 15}, "model": "item/custom/skinsuit"}
   ]
}