{
	"credit": "Made with Blockbench",
	"texture_size": [512, 512],
	"textures": {
		"0": "item/crown",
		"particle": "item/crown"
	},
	"elements": [
		{
			"name": "lowcloth2",
			"from": [0, 0, 0],
			"to": [16, 2, 16],
			"faces": {
				"north": {"uv": [3.34372, 4.9375, 4.34372, 5.0625], "texture": "#0"},
				"east": {"uv": [4.375, 4.9375, 5.375, 5.0625], "texture": "#0"},
				"south": {"uv": [5.40622, 4.9375, 6.40622, 5.0625], "texture": "#0"},
				"west": {"uv": [6.4375, 4.9375, 7.4375, 5.0625], "texture": "#0"},
				"up": {"uv": [5.6875, 5.3125, 6.6875, 6.3125], "texture": "#0"},
				"down": {"uv": [3.8125, 5.3125, 4.8125, 6.3125], "texture": "#0"}
			}
		},
		{
			"name": "base",
			"from": [0, 0, 0],
			"to": [16, 0, 16],
			"faces": {
				"up": {"uv": [5.6875, 5.3125, 6.6875, 6.3125], "texture": "#0"}
			}
		},
		{
			"name": "lowcloth1",
			"from": [0.4, 0.05, 0.4],
			"to": [15.6, 2, 15.6],
			"faces": {
				"north": {"uv": [3.3125, 6.46872, 4.3125, 6.59372], "texture": "#0"},
				"east": {"uv": [4.34372, 6.46872, 5.34372, 6.59372], "texture": "#0"},
				"south": {"uv": [5.375, 6.46872, 6.375, 6.59372], "texture": "#0"},
				"west": {"uv": [6.40622, 6.46872, 7.40622, 6.59372], "texture": "#0"},
				"up": {"uv": [3.78125, 6.875, 4.75, 7.84375], "texture": "#0"},
				"down": {"uv": [5.6875, 6.875, 6.65625, 7.84375], "texture": "#0"}
			}
		},
		{
			"name": "cloth1",
			"from": [1.75, 5.25, 1.75],
			"to": [14.25, 12.75, 14.25],
			"rotation": {"angle": 0, "axis": "y", "origin": [9, 9, 9]},
			"faces": {
				"north": {"uv": [3.34375, 3.53125, 4.125, 4], "texture": "#0"},
				"east": {"uv": [4.1875, 3.53125, 4.96875, 4], "texture": "#0"},
				"south": {"uv": [5.03125, 3.53125, 5.8125, 4], "texture": "#0"},
				"west": {"uv": [5.875, 3.53125, 6.65625, 4], "texture": "#0"},
				"up": {"uv": [6.71875, 3.53125, 7.5, 4.3125], "texture": "#0"}
			}
		},
		{
			"name": "cloth2",
			"from": [1.5, 5, 1.5],
			"to": [14.5, 13, 14.5],
			"rotation": {"angle": 0, "axis": "y", "origin": [9, 9, 9]},
			"faces": {
				"north": {"uv": [3.3125, 2.46875, 4.125, 2.96875], "texture": "#0"},
				"east": {"uv": [4.15622, 2.46872, 4.96872, 2.96872], "texture": "#0"},
				"south": {"uv": [5, 2.46872, 5.8125, 2.96872], "texture": "#0"},
				"west": {"uv": [5.84372, 2.46872, 6.65622, 2.96872], "texture": "#0"},
				"up": {"uv": [6.6875, 2.46872, 7.5, 3.28122], "texture": "#0"}
			}
		},
		{
			"name": "base",
			"from": [6.6, 13.81941, 6.6],
			"to": [9.4, 13.81941, 9.4],
			"rotation": {"angle": 0, "axis": "y", "origin": [6.45, 13.81941, 2.75]},
			"faces": {
				"up": {"uv": [4.625, 1.25, 4.8125, 1.4375], "rotation": 90, "texture": "#0"},
				"down": {"uv": [4.84375, 1.25, 5.03125, 1.4375], "rotation": 90, "texture": "#0"}
			}
		},
		{
			"name": "orb1",
			"from": [6.75, 14.1416, 6.75],
			"to": [9.25, 16.6416, 9.25],
			"rotation": {"angle": 0, "axis": "y", "origin": [6.7, 14.1416, 3]},
			"faces": {
				"north": {"uv": [6.53125, 0.28125, 6.6875, 0.4375], "rotation": 90, "texture": "#0"},
				"east": {"uv": [6.75, 0.28125, 6.90625, 0.4375], "rotation": 90, "texture": "#0"},
				"south": {"uv": [6.96875, 0.28125, 7.125, 0.4375], "rotation": 90, "texture": "#0"},
				"west": {"uv": [7.1875, 0.28125, 7.34375, 0.4375], "rotation": 90, "texture": "#0"},
				"up": {"uv": [6.75, 0.0625, 6.90625, 0.21875], "rotation": 90, "texture": "#0"},
				"down": {"uv": [6.75, 0.5, 6.90625, 0.65625], "rotation": 90, "texture": "#0"}
			}
		},
		{
			"name": "orb2",
			"from": [6.5, 13.8916, 6.5],
			"to": [9.5, 16.8916, 9.5],
			"rotation": {"angle": 0, "axis": "y", "origin": [6.7, 14.1416, 3]},
			"faces": {
				"north": {"uv": [5.5, 0.28125, 5.6875, 0.46875], "rotation": 90, "texture": "#0"},
				"east": {"uv": [5.75, 0.28125, 5.9375, 0.46875], "rotation": 90, "texture": "#0"},
				"south": {"uv": [6, 0.28125, 6.1875, 0.46875], "rotation": 90, "texture": "#0"},
				"west": {"uv": [6.25, 0.28125, 6.4375, 0.46875], "rotation": 90, "texture": "#0"},
				"up": {"uv": [5.75, 0.03125, 5.9375, 0.21875], "rotation": 90, "texture": "#0"},
				"down": {"uv": [5.75, 0.53125, 5.9375, 0.71875], "rotation": 90, "texture": "#0"}
			}
		},
		{
			"name": "orb3",
			"from": [6.4, 13.7916, 6.4],
			"to": [9.6, 16.9916, 9.6],
			"rotation": {"angle": 0, "axis": "y", "origin": [6.7, 14.1416, 3]},
			"faces": {
				"north": {"uv": [5.46875, 1.0625, 5.6875, 1.28125], "rotation": 90, "texture": "#0"},
				"east": {"uv": [5.75, 1.0625, 5.96875, 1.28125], "rotation": 90, "texture": "#0"},
				"south": {"uv": [6.03125, 1.0625, 6.25, 1.28125], "rotation": 90, "texture": "#0"},
				"west": {"uv": [6.3125, 1.0625, 6.53125, 1.28125], "rotation": 90, "texture": "#0"},
				"up": {"uv": [5.75, 0.78125, 5.96875, 1], "rotation": 90, "texture": "#0"},
				"down": {"uv": [5.75, 1.34375, 5.96875, 1.5625], "rotation": 90, "texture": "#0"}
			}
		},
		{
			"name": "1",
			"from": [5.75, 16.5916, 5.75],
			"to": [10.25, 17.5916, 10.25],
			"rotation": {"angle": 0, "axis": "y", "origin": [6.45, 16.5916, 2.75]},
			"faces": {
				"north": {"uv": [8.0625, 2.53125, 8.34375, 2.59375], "texture": "#0"},
				"east": {"uv": [9.09375, 2.53125, 9.37497, 2.59375], "texture": "#0"},
				"south": {"uv": [8.75, 2.53125, 9.03125, 2.59375], "texture": "#0"},
				"west": {"uv": [8.40625, 2.53125, 8.68747, 2.59375], "texture": "#0"},
				"up": {"uv": [8.40625, 2.1875, 8.68747, 2.46875], "texture": "#0"},
				"down": {"uv": [8.40625, 2.65625, 8.68744, 2.93747], "texture": "#0"}
			}
		},
		{
			"name": "2",
			"from": [6.5, 17.0916, 6.5],
			"to": [9.5, 21.0916, 9.5],
			"rotation": {"angle": 0, "axis": "y", "origin": [6.45, 17.0916, 2.75]},
			"faces": {
				"north": {"uv": [9.53125, 2.53125, 9.71875, 2.78125], "texture": "#0"},
				"east": {"uv": [10.28125, 2.53125, 10.46875, 2.78125], "texture": "#0"},
				"south": {"uv": [10.03125, 2.53125, 10.21875, 2.78125], "texture": "#0"},
				"west": {"uv": [9.78125, 2.53125, 9.96875, 2.78125], "texture": "#0"},
				"up": {"uv": [9.78125, 2.28125, 9.96875, 2.46875], "texture": "#0"}
			}
		},
		{
			"name": "3",
			"from": [6.25, 17.5916, 6.25],
			"to": [9.75, 18.0916, 9.75],
			"rotation": {"angle": 0, "axis": "y", "origin": [6.45, 16.8416, 2.75]},
			"faces": {
				"north": {"uv": [10.53125, 2.53125, 10.75, 2.5625], "texture": "#0"},
				"east": {"uv": [11.375, 2.53125, 11.59375, 2.56247], "texture": "#0"},
				"south": {"uv": [11.09375, 2.53125, 11.31247, 2.56247], "texture": "#0"},
				"west": {"uv": [10.8125, 2.53125, 11.03125, 2.56247], "texture": "#0"}
			}
		},
		{
			"name": "3",
			"from": [15.95477, 9.22839, 6.5],
			"to": [15.95477, 12.22839, 9.5],
			"rotation": {"angle": -22.5, "axis": "z", "origin": [15.45477, 10.32839, 8]},
			"faces": {
				"east": {"uv": [4.8125, 0.84375, 4.625, 1.03125], "texture": "#0"},
				"west": {"uv": [5.03125, 0.84375, 4.84375, 1.03125], "texture": "#0"}
			}
		},
		{
			"name": "4",
			"from": [16.64373, 11.89204, 6.5],
			"to": [16.64373, 13.39204, 9.5],
			"rotation": {"angle": 0, "axis": "y", "origin": [8.64373, 20.19204, 21.5]},
			"faces": {
				"east": {"uv": [4.8125, 0.71875, 4.625, 0.8125], "texture": "#0"},
				"west": {"uv": [5.03125, 0.71875, 4.84375, 0.8125], "texture": "#0"}
			}
		},
		{
			"name": "5",
			"from": [16.01265, 12.71559, 6.5],
			"to": [16.01265, 15.21559, 9.5],
			"rotation": {"angle": 45, "axis": "z", "origin": [15.51265, 13.81559, 8]},
			"faces": {
				"east": {"uv": [4.8125, 0.53125, 4.625, 0.6875], "texture": "#0"},
				"west": {"uv": [5.03125, 0.53125, 4.84375, 0.6875], "texture": "#0"}
			}
		},
		{
			"name": "6",
			"from": [12.62697, 15.1588, 6.5],
			"to": [14.87697, 15.1588, 9.5],
			"rotation": {"angle": 0, "axis": "y", "origin": [13.77697, 14.6588, 8]},
			"faces": {
				"up": {"uv": [4.625, 0.5, 4.8125, 0.34375], "rotation": 90, "texture": "#0"},
				"down": {"uv": [4.84375, 0.5, 5.03125, 0.34375], "rotation": 90, "texture": "#0"}
			}
		},
		{
			"name": "7",
			"from": [9.57369, 13.91495, 6.5],
			"to": [13.07369, 13.91495, 9.5],
			"rotation": {"angle": 22.5, "axis": "z", "origin": [9.72369, 13.41495, 8]},
			"faces": {
				"up": {"uv": [4.625, 0.3125, 4.8125, 0.09375], "rotation": 90, "texture": "#0"},
				"down": {"uv": [4.84375, 0.3125, 5.03125, 0.09375], "rotation": 90, "texture": "#0"}
			}
		},
		{
			"name": "lowcross",
			"from": [15.5, 5, 0.5],
			"to": [15.5, 9.2, 15.5],
			"rotation": {"angle": 0, "axis": "y", "origin": [8.5, 13, 21.5]},
			"faces": {
				"east": {"uv": [0, 0.03125, 0.96875, 0.3125], "texture": "#0"},
				"west": {"uv": [1, 0.03125, 1.96875, 0.3125], "texture": "#0"}
			}
		},
		{
			"name": "4",
			"from": [6.5, 9.22839, 15.95377],
			"to": [9.5, 12.22839, 15.95377],
			"rotation": {"angle": 22.5, "axis": "x", "origin": [8, 10.32839, 15.45377]},
			"faces": {
				"north": {"uv": [5.03125, 0.84375, 4.84375, 1.03125], "texture": "#0"},
				"south": {"uv": [4.8125, 0.84375, 4.625, 1.03125], "texture": "#0"}
			}
		},
		{
			"name": "5",
			"from": [6.5, 11.89204, 16.64273],
			"to": [9.5, 13.39204, 16.64273],
			"rotation": {"angle": 0, "axis": "y", "origin": [-5.5, 20.19204, 8.64273]},
			"faces": {
				"north": {"uv": [5.03125, 0.71875, 4.84375, 0.8125], "texture": "#0"},
				"south": {"uv": [4.8125, 0.71875, 4.625, 0.8125], "texture": "#0"}
			}
		},
		{
			"name": "6",
			"from": [6.5, 12.71559, 16.01165],
			"to": [9.5, 15.21559, 16.01165],
			"rotation": {"angle": -45, "axis": "x", "origin": [8, 13.81559, 15.51165]},
			"faces": {
				"north": {"uv": [5.03125, 0.53125, 4.84375, 0.6875], "texture": "#0"},
				"south": {"uv": [4.8125, 0.53125, 4.625, 0.6875], "texture": "#0"}
			}
		},
		{
			"name": "7",
			"from": [6.5, 15.1588, 12.62597],
			"to": [9.5, 15.1588, 14.87597],
			"rotation": {"angle": 0, "axis": "y", "origin": [8, 14.6588, 13.77597]},
			"faces": {
				"up": {"uv": [4.625, 0.5, 4.8125, 0.34375], "rotation": 180, "texture": "#0"},
				"down": {"uv": [4.84375, 0.5, 5.03125, 0.34375], "texture": "#0"}
			}
		},
		{
			"name": "8",
			"from": [6.5, 13.91495, 9.57269],
			"to": [9.5, 13.91495, 13.07269],
			"rotation": {"angle": -22.5, "axis": "x", "origin": [8, 13.41495, 9.72269]},
			"faces": {
				"up": {"uv": [4.625, 0.3125, 4.8125, 0.09375], "rotation": 180, "texture": "#0"},
				"down": {"uv": [4.84375, 0.3125, 5.03125, 0.09375], "texture": "#0"}
			}
		},
		{
			"name": "lowcross",
			"from": [0.5, 5, 15.499],
			"to": [15.5, 9.2, 15.499],
			"rotation": {"angle": 0, "axis": "y", "origin": [-5.5, 13, 8.499]},
			"faces": {
				"north": {"uv": [1, 0.03125, 1.96875, 0.3125], "texture": "#0"},
				"south": {"uv": [0, 0.03125, 0.96875, 0.3125], "texture": "#0"}
			}
		},
		{
			"name": "5",
			"from": [6.5, 9.22839, 0.04623],
			"to": [9.5, 12.22839, 0.04623],
			"rotation": {"angle": -22.5, "axis": "x", "origin": [8, 10.32839, 0.54623]},
			"faces": {
				"north": {"uv": [4.625, 0.84375, 4.8125, 1.03125], "texture": "#0"},
				"south": {"uv": [4.84375, 0.84375, 5.03125, 1.03125], "texture": "#0"}
			}
		},
		{
			"name": "6",
			"from": [6.5, 11.89204, -0.64273],
			"to": [9.5, 13.39204, -0.64273],
			"rotation": {"angle": 0, "axis": "y", "origin": [-5.5, 20.19204, 7.35727]},
			"faces": {
				"north": {"uv": [4.625, 0.71875, 4.8125, 0.8125], "texture": "#0"},
				"south": {"uv": [4.84375, 0.71875, 5.03125, 0.8125], "texture": "#0"}
			}
		},
		{
			"name": "7",
			"from": [6.5, 12.71559, -0.01165],
			"to": [9.5, 15.21559, -0.01165],
			"rotation": {"angle": 45, "axis": "x", "origin": [8, 13.81559, 0.48835]},
			"faces": {
				"north": {"uv": [4.625, 0.53125, 4.8125, 0.6875], "texture": "#0"},
				"south": {"uv": [4.84375, 0.53125, 5.03125, 0.6875], "texture": "#0"}
			}
		},
		{
			"name": "8",
			"from": [6.5, 15.1588, 1.12403],
			"to": [9.5, 15.1588, 3.37403],
			"rotation": {"angle": 0, "axis": "y", "origin": [8, 14.6588, 2.22403]},
			"faces": {
				"up": {"uv": [4.625, 0.34375, 4.8125, 0.5], "rotation": 180, "texture": "#0"},
				"down": {"uv": [4.84375, 0.34375, 5.03125, 0.5], "texture": "#0"}
			}
		},
		{
			"name": "9",
			"from": [6.5, 13.91495, 2.92731],
			"to": [9.5, 13.91495, 6.42731],
			"rotation": {"angle": 22.5, "axis": "x", "origin": [8, 13.41495, 6.27731]},
			"faces": {
				"up": {"uv": [4.625, 0.09375, 4.8125, 0.3125], "rotation": 180, "texture": "#0"},
				"down": {"uv": [4.84375, 0.09375, 5.03125, 0.3125], "texture": "#0"}
			}
		},
		{
			"name": "lowcross",
			"from": [0.5, 5, 0.501],
			"to": [15.5, 9.2, 0.501],
			"rotation": {"angle": 0, "axis": "y", "origin": [-5.5, 13, 7.501]},
			"faces": {
				"north": {"uv": [0.96875, 0.03125, 0, 0.3125], "texture": "#0"},
				"south": {"uv": [1.96875, 0.03125, 1, 0.3125], "texture": "#0"}
			}
		},
		{
			"name": "4",
			"from": [0.04523, 9.22839, 6.5],
			"to": [0.04523, 12.22839, 9.5],
			"rotation": {"angle": 22.5, "axis": "z", "origin": [0.54523, 10.32839, 8]},
			"faces": {
				"east": {"uv": [4.84375, 0.84375, 5.03125, 1.03125], "texture": "#0"},
				"west": {"uv": [4.625, 0.84375, 4.8125, 1.03125], "texture": "#0"}
			}
		},
		{
			"name": "5",
			"from": [-0.64373, 11.89204, 6.5],
			"to": [-0.64373, 13.39204, 9.5],
			"rotation": {"angle": 0, "axis": "y", "origin": [7.35627, 20.19204, 21.5]},
			"faces": {
				"east": {"uv": [4.84375, 0.71875, 5.03125, 0.8125], "texture": "#0"},
				"west": {"uv": [4.625, 0.71875, 4.8125, 0.8125], "texture": "#0"}
			}
		},
		{
			"name": "6",
			"from": [-0.01265, 12.71559, 6.5],
			"to": [-0.01265, 15.21559, 9.5],
			"rotation": {"angle": -45, "axis": "z", "origin": [0.48735, 13.81559, 8]},
			"faces": {
				"east": {"uv": [4.84375, 0.53125, 5.03125, 0.6875], "texture": "#0"},
				"west": {"uv": [4.625, 0.53125, 4.8125, 0.6875], "texture": "#0"}
			}
		},
		{
			"name": "7",
			"from": [1.12303, 15.1588, 6.5],
			"to": [3.37303, 15.1588, 9.5],
			"rotation": {"angle": 0, "axis": "y", "origin": [2.22303, 14.6588, 8]},
			"faces": {
				"up": {"uv": [4.625, 0.34375, 4.8125, 0.5], "rotation": 90, "texture": "#0"},
				"down": {"uv": [4.84375, 0.34375, 5.03125, 0.5], "rotation": 90, "texture": "#0"}
			}
		},
		{
			"name": "8",
			"from": [2.92631, 13.91495, 6.5],
			"to": [6.42631, 13.91495, 9.5],
			"rotation": {"angle": -22.5, "axis": "z", "origin": [6.27631, 13.41495, 8]},
			"faces": {
				"up": {"uv": [4.625, 0.09375, 4.8125, 0.3125], "rotation": 90, "texture": "#0"},
				"down": {"uv": [4.84375, 0.09375, 5.03125, 0.3125], "rotation": 90, "texture": "#0"}
			}
		},
		{
			"name": "lowcross",
			"from": [0.5, 5, 0.5],
			"to": [0.5, 9.2, 15.5],
			"rotation": {"angle": 0, "axis": "y", "origin": [7.5, 13, 21.5]},
			"faces": {
				"east": {"uv": [1.96875, 0.03125, 1, 0.3125], "texture": "#0"},
				"west": {"uv": [0.96875, 0.03125, 0, 0.3125], "texture": "#0"}
			}
		},
		{
			"name": "base",
			"from": [0.5, 2, 0.5],
			"to": [15.5, 5, 15.5],
			"rotation": {"angle": 0, "axis": "y", "origin": [8.2, 10, 8.2]},
			"faces": {
				"north": {"uv": [0, 0.3125, 0.96875, 0.5], "texture": "#0"},
				"east": {"uv": [0, 0.3125, 0.96875, 0.5], "texture": "#0"},
				"south": {"uv": [0, 0.3125, 0.96875, 0.5], "texture": "#0"},
				"west": {"uv": [0, 0.3125, 0.96875, 0.5], "texture": "#0"},
				"up": {"uv": [0, 2.875, 0.96869, 3.84369], "texture": "#0"}
			}
		},
		{
			"name": "liningtop",
			"from": [0.3, 4, 0.3],
			"to": [15.7, 4.5, 15.7],
			"rotation": {"angle": 0, "axis": "y", "origin": [8.3, 11.75, 8.3]},
			"faces": {
				"north": {"uv": [0.9375, 1.8125, 1.90625, 1.84375], "texture": "#0"},
				"east": {"uv": [0.9375, 1.78125, 1.90625, 1.8125], "texture": "#0"},
				"south": {"uv": [0.9375, 1.75, 1.90625, 1.78125], "texture": "#0"},
				"west": {"uv": [0.9375, 1.84375, 1.90625, 1.875], "texture": "#0"},
				"up": {"uv": [0.9375, 0.78125, 1.90625, 1.75], "texture": "#0"},
				"down": {"uv": [0.9375, 1.875, 1.90625, 2.84375], "texture": "#0"}
			}
		},
		{
			"name": "lining bottom",
			"from": [0.3, 2, 0.3],
			"to": [15.7, 2.5, 15.7],
			"rotation": {"angle": 0, "axis": "y", "origin": [8.3, 9.75, 8.3]},
			"faces": {
				"north": {"uv": [0.9375, 1.75, 1.90625, 1.78125], "texture": "#0"},
				"east": {"uv": [0.9375, 1.84375, 1.90625, 1.875], "texture": "#0"},
				"south": {"uv": [0.9375, 1.8125, 1.90625, 1.84375], "texture": "#0"},
				"west": {"uv": [0.9375, 1.78125, 1.90625, 1.8125], "texture": "#0"},
				"up": {"uv": [0.9375, 0.78125, 1.90625, 1.75], "texture": "#0"},
				"down": {"uv": [0.9375, 1.875, 1.90625, 2.84375], "texture": "#0"}
			}
		},
		{
			"from": [-0.2, 2.75, 1.7],
			"to": [0.5, 3.75, 3.2],
			"rotation": {"angle": 0, "axis": "y", "origin": [-0.3, 9.75, 7.4]},
			"faces": {
				"north": {"uv": [2.5625, 0.21875, 2.59375, 0.28125], "texture": "#0"},
				"south": {"uv": [2.6875, 0.21875, 2.71875, 0.28125], "texture": "#0"},
				"west": {"uv": [2.59375, 0.21875, 2.6875, 0.28125], "texture": "#0"},
				"up": {"uv": [2.59375, 0.1875, 2.6875, 0.21875], "texture": "#0"},
				"down": {"uv": [2.59375, 0.28125, 2.6875, 0.3125], "texture": "#0"}
			}
		},
		{
			"from": [0.2, 6.6, 7.5],
			"to": [0.5, 7.6, 8.5],
			"rotation": {"angle": 0, "axis": "x", "origin": [0.45, 7.4, 8]},
			"faces": {
				"north": {"uv": [3.8125, 0.21875, 3.84375, 0.28125], "texture": "#0"},
				"south": {"uv": [3.9375, 0.21875, 3.96875, 0.28125], "texture": "#0"},
				"west": {"uv": [3.84375, 0.21875, 3.90625, 0.28125], "texture": "#0"},
				"up": {"uv": [3.84375, 0.1875, 3.90625, 0.21875], "texture": "#0"},
				"down": {"uv": [3.84375, 0.28125, 3.90625, 0.3125], "texture": "#0"}
			}
		},
		{
			"from": [-0.2, 2.75, 12.8],
			"to": [0.5, 3.75, 14.3],
			"rotation": {"angle": 0, "axis": "y", "origin": [-0.3, 9.75, 18.5]},
			"faces": {
				"north": {"uv": [3.03125, 0.21875, 3.0625, 0.28125], "texture": "#0"},
				"east": {"uv": [0, 0, 0.1875, 0.125], "texture": "#missing"},
				"south": {"uv": [3.15625, 0.21875, 3.1875, 0.28125], "texture": "#0"},
				"west": {"uv": [3.0625, 0.21875, 3.15625, 0.28125], "texture": "#0"},
				"up": {"uv": [3.0625, 0.1875, 3.15625, 0.21875], "texture": "#0"},
				"down": {"uv": [3.0625, 0.28125, 3.15625, 0.3125], "texture": "#0"}
			}
		},
		{
			"from": [-0.2, 2.75, 7.2],
			"to": [0.5, 3.75, 8.8],
			"rotation": {"angle": 0, "axis": "y", "origin": [-0.3, 9.75, 13]},
			"faces": {
				"north": {"uv": [2.71875, 0.21875, 2.75, 0.28125], "texture": "#0"},
				"east": {"uv": [0, 0, 0.2, 0.125], "texture": "#missing"},
				"south": {"uv": [2.84375, 0.21875, 2.875, 0.28125], "texture": "#0"},
				"west": {"uv": [2.75, 0.21875, 2.84375, 0.28125], "texture": "#0"},
				"up": {"uv": [2.75, 0.1875, 2.84375, 0.21875], "texture": "#0"},
				"down": {"uv": [2.75, 0.28125, 2.84375, 0.3125], "texture": "#0"}
			}
		},
		{
			"from": [0.1, 3.2, 5],
			"to": [0.8, 3.7, 5.5],
			"rotation": {"angle": 45, "axis": "x", "origin": [0.6, 3.45, 5]},
			"faces": {
				"north": {"uv": [3.1875, 0.375, 3.21813, 0.40563], "texture": "#0"},
				"south": {"uv": [3.25, 0.375, 3.28116, 0.40619], "texture": "#0"},
				"west": {"uv": [3.21875, 0.375, 3.24991, 0.40619], "texture": "#0"},
				"up": {"uv": [3.21875, 0.34375, 3.24991, 0.37494], "texture": "#0"},
				"down": {"uv": [3.21875, 0.40625, 3.24991, 0.43744], "texture": "#0"}
			}
		},
		{
			"from": [0.1, 3.2, 10.65],
			"to": [0.8, 3.7, 11.15],
			"rotation": {"angle": 45, "axis": "x", "origin": [0.6, 3.45, 10.65]},
			"faces": {
				"north": {"uv": [3.34375, 0.375, 3.37438, 0.40563], "texture": "#0"},
				"east": {"uv": [0, 0, 0.0625, 0.0625], "texture": "#missing"},
				"south": {"uv": [3.40625, 0.375, 3.43741, 0.40619], "texture": "#0"},
				"west": {"uv": [3.375, 0.375, 3.40616, 0.40619], "texture": "#0"},
				"up": {"uv": [3.375, 0.34375, 3.40616, 0.37494], "texture": "#0"},
				"down": {"uv": [3.375, 0.40625, 3.40616, 0.43744], "texture": "#0"}
			}
		},
		{
			"from": [0.2, 2.5, 1.45],
			"to": [0.7, 4, 3.45],
			"rotation": {"angle": 0, "axis": "y", "origin": [-0.1, 9.75, 7.4]},
			"faces": {
				"north": {"uv": [2.5625, 0.03125, 2.59375, 0.125], "texture": "#0"},
				"south": {"uv": [2.71875, 0.03125, 2.75, 0.125], "texture": "#0"},
				"west": {"uv": [2.59375, 0, 2.71875, 0.09375], "texture": "#0"},
				"up": {"uv": [2.59375, 0, 2.71875, 0.03125], "texture": "#0"},
				"down": {"uv": [2.59375, 0.125, 2.71875, 0.15625], "texture": "#0"}
			}
		},
		{
			"from": [0.2, 2.5, 12.55],
			"to": [0.7, 4, 14.55],
			"rotation": {"angle": 0, "axis": "y", "origin": [-0.1, 9.75, 18.5]},
			"faces": {
				"north": {"uv": [2.5625, 0.03125, 2.59375, 0.125], "texture": "#0"},
				"south": {"uv": [2.71875, 0.03125, 2.75, 0.125], "texture": "#0"},
				"west": {"uv": [2.59375, 0, 2.71875, 0.09375], "texture": "#0"},
				"up": {"uv": [2.59375, 0, 2.71875, 0.03125], "texture": "#0"},
				"down": {"uv": [2.59375, 0.125, 2.71875, 0.15625], "texture": "#0"}
			}
		},
		{
			"from": [0.2, 2.5, 6.95],
			"to": [0.7, 4, 9.05],
			"rotation": {"angle": 0, "axis": "y", "origin": [-0.1, 9.75, 13]},
			"faces": {
				"north": {"uv": [2.5625, 0.03125, 2.59375, 0.125], "texture": "#0"},
				"south": {"uv": [2.71875, 0.03125, 2.75, 0.125], "texture": "#0"},
				"west": {"uv": [2.59375, 0, 2.71875, 0.09375], "texture": "#0"},
				"up": {"uv": [2.59375, 0, 2.71875, 0.03125], "texture": "#0"},
				"down": {"uv": [2.59375, 0.125, 2.71875, 0.15625], "texture": "#0"}
			}
		},
		{
			"from": [0.3, 2.95, 4.75],
			"to": [0.8, 3.95, 5.75],
			"rotation": {"angle": 45, "axis": "x", "origin": [0.4, 3.45, 5]},
			"faces": {
				"north": {"uv": [2.9375, 0.03125, 2.96875, 0.09375], "texture": "#0"},
				"east": {"uv": [2.8125, 0.03125, 2.875, 0.09375], "texture": "#0"},
				"south": {"uv": [3.03125, 0.03125, 3.0625, 0.09375], "texture": "#0"},
				"west": {"uv": [2.96875, 0.03125, 3.03125, 0.09375], "texture": "#0"},
				"up": {"uv": [2.96875, 0, 3.03125, 0.03125], "texture": "#0"},
				"down": {"uv": [2.96875, 0.09375, 3.03125, 0.125], "texture": "#0"}
			}
		},
		{
			"from": [0.3, 2.95, 10.4],
			"to": [0.8, 3.95, 11.4],
			"rotation": {"angle": 45, "axis": "x", "origin": [0.4, 3.45, 10.65]},
			"faces": {
				"north": {"uv": [2.9375, 0.03125, 2.96875, 0.09375], "texture": "#0"},
				"east": {"uv": [0, 0, 0.125, 0.125], "texture": "#missing"},
				"south": {"uv": [3.03125, 0.03125, 3.0625, 0.09375], "texture": "#0"},
				"west": {"uv": [2.96875, 0.03125, 3.03125, 0.09375], "texture": "#0"},
				"up": {"uv": [2.96875, 0, 3.03125, 0.03125], "texture": "#0"},
				"down": {"uv": [2.96875, 0.09375, 3.03125, 0.125], "texture": "#0"}
			}
		},
		{
			"from": [12.8, 2.75, -0.2],
			"to": [14.3, 3.75, 0.5],
			"rotation": {"angle": 0, "axis": "y", "origin": [8.6, 9.75, -0.3]},
			"faces": {
				"north": {"uv": [3.53125, 0.21875, 3.625, 0.28125], "texture": "#0"},
				"east": {"uv": [3.5, 0.21875, 3.53125, 0.28125], "texture": "#0"},
				"west": {"uv": [3.625, 0.21875, 3.65625, 0.28125], "texture": "#0"},
				"up": {"uv": [3.53125, 0.1875, 3.625, 0.21875], "rotation": 90, "texture": "#0"},
				"down": {"uv": [3.53125, 0.28125, 3.625, 0.3125], "rotation": 270, "texture": "#0"}
			}
		},
		{
			"from": [7.5, 6.6, 0.2],
			"to": [8.5, 7.6, 0.5],
			"rotation": {"angle": 0, "axis": "x", "origin": [8, 7.4, 0.45]},
			"faces": {
				"north": {"uv": [3.84375, 0.21875, 3.90625, 0.28125], "texture": "#0"},
				"east": {"uv": [3.8125, 0.21875, 3.84375, 0.28125], "texture": "#0"},
				"west": {"uv": [3.9375, 0.21875, 3.96875, 0.28125], "texture": "#0"},
				"up": {"uv": [3.84375, 0.1875, 3.90625, 0.21875], "rotation": 90, "texture": "#0"},
				"down": {"uv": [3.84375, 0.28125, 3.90625, 0.3125], "rotation": 270, "texture": "#0"}
			}
		},
		{
			"from": [1.7, 2.75, -0.2],
			"to": [3.2, 3.75, 0.5],
			"rotation": {"angle": 0, "axis": "y", "origin": [-2.5, 9.75, -0.3]},
			"faces": {
				"north": {"uv": [3.53125, 0.21875, 3.625, 0.28125], "texture": "#0"},
				"east": {"uv": [3.5, 0.21875, 3.53125, 0.28125], "texture": "#0"},
				"south": {"uv": [0, 0, 0.1875, 0.125], "texture": "#missing"},
				"west": {"uv": [3.625, 0.21875, 3.65625, 0.28125], "texture": "#0"},
				"up": {"uv": [3.53125, 0.1875, 3.625, 0.21875], "rotation": 90, "texture": "#0"},
				"down": {"uv": [3.53125, 0.28125, 3.625, 0.3125], "rotation": 270, "texture": "#0"}
			}
		},
		{
			"from": [7.2, 2.75, -0.2],
			"to": [8.8, 3.75, 0.5],
			"rotation": {"angle": 0, "axis": "y", "origin": [3, 9.75, -0.3]},
			"faces": {
				"north": {"uv": [3.375, 0.21875, 3.46875, 0.28125], "texture": "#0"},
				"east": {"uv": [3.34375, 0.21875, 3.375, 0.28125], "texture": "#0"},
				"south": {"uv": [0, 0, 0.2, 0.125], "texture": "#missing"},
				"west": {"uv": [3.46875, 0.21875, 3.49997, 0.28125], "texture": "#0"},
				"up": {"uv": [3.375, 0.1875, 3.46875, 0.21875], "rotation": 90, "texture": "#0"},
				"down": {"uv": [3.375, 0.28125, 3.46875, 0.3125], "rotation": 270, "texture": "#0"}
			}
		},
		{
			"from": [10.5, 3.2, 0.1],
			"to": [11, 3.7, 0.8],
			"rotation": {"angle": 45, "axis": "z", "origin": [11, 3.45, 0.6]},
			"faces": {
				"north": {"uv": [3.6875, 0.375, 3.71866, 0.40619], "texture": "#0"},
				"east": {"uv": [3.65625, 0.375, 3.68688, 0.40563], "texture": "#0"},
				"west": {"uv": [3.71875, 0.375, 3.74991, 0.40619], "texture": "#0"},
				"up": {"uv": [3.6875, 0.34375, 3.71866, 0.37491], "rotation": 90, "texture": "#0"},
				"down": {"uv": [3.6875, 0.40625, 3.71866, 0.43741], "rotation": 270, "texture": "#0"}
			}
		},
		{
			"from": [4.85, 3.2, 0.1],
			"to": [5.35, 3.7, 0.8],
			"rotation": {"angle": 45, "axis": "z", "origin": [5.35, 3.45, 0.6]},
			"faces": {
				"north": {"uv": [3.6875, 0.375, 3.71813, 0.40563], "texture": "#0"},
				"east": {"uv": [3.65625, 0.375, 3.68688, 0.40563], "texture": "#0"},
				"south": {"uv": [0, 0, 0.0625, 0.0625], "texture": "#missing"},
				"west": {"uv": [3.71875, 0.375, 3.74991, 0.40619], "texture": "#0"},
				"up": {"uv": [3.6875, 0.34375, 3.71866, 0.37491], "rotation": 90, "texture": "#0"},
				"down": {"uv": [3.6875, 0.40625, 3.71866, 0.43741], "rotation": 270, "texture": "#0"}
			}
		},
		{
			"from": [12.55, 2.5, 0.2],
			"to": [14.55, 4, 0.7],
			"rotation": {"angle": 0, "axis": "y", "origin": [8.6, 9.75, -0.1]},
			"faces": {
				"north": {"uv": [2.59375, 0, 2.71875, 0.09375], "texture": "#0"},
				"east": {"uv": [2.5625, 0.03125, 2.59375, 0.125], "texture": "#0"},
				"west": {"uv": [2.71875, 0.03125, 2.75, 0.125], "texture": "#0"},
				"up": {"uv": [2.59375, 0, 2.71875, 0.03125], "rotation": 90, "texture": "#0"},
				"down": {"uv": [2.59375, 0.125, 2.71875, 0.15625], "rotation": 270, "texture": "#0"}
			}
		},
		{
			"from": [1.45, 2.5, 0.2],
			"to": [3.45, 4, 0.7],
			"rotation": {"angle": 0, "axis": "y", "origin": [-2.5, 9.75, -0.1]},
			"faces": {
				"north": {"uv": [2.59375, 0, 2.71875, 0.09375], "texture": "#0"},
				"east": {"uv": [2.5625, 0.03125, 2.59375, 0.125], "texture": "#0"},
				"west": {"uv": [2.71875, 0.03125, 2.75, 0.125], "texture": "#0"},
				"up": {"uv": [2.59375, 0, 2.71875, 0.03125], "rotation": 90, "texture": "#0"},
				"down": {"uv": [2.59375, 0.125, 2.71875, 0.15625], "rotation": 270, "texture": "#0"}
			}
		},
		{
			"from": [6.95, 2.5, 0.2],
			"to": [9.05, 4, 0.7],
			"rotation": {"angle": 0, "axis": "y", "origin": [3, 9.75, -0.1]},
			"faces": {
				"north": {"uv": [2.59375, 0, 2.71875, 0.09375], "texture": "#0"},
				"east": {"uv": [2.5625, 0.03125, 2.59375, 0.125], "texture": "#0"},
				"west": {"uv": [2.71875, 0.03125, 2.75, 0.125], "texture": "#0"},
				"up": {"uv": [2.59375, 0, 2.71875, 0.03125], "rotation": 90, "texture": "#0"},
				"down": {"uv": [2.59375, 0.125, 2.71875, 0.15625], "rotation": 270, "texture": "#0"}
			}
		},
		{
			"from": [10.25, 2.95, 0.3],
			"to": [11.25, 3.95, 0.8],
			"rotation": {"angle": 45, "axis": "z", "origin": [11, 3.45, 0.4]},
			"faces": {
				"north": {"uv": [2.96875, 0.03125, 3.03125, 0.09375], "texture": "#0"},
				"east": {"uv": [2.9375, 0.03125, 2.96875, 0.09375], "texture": "#0"},
				"south": {"uv": [2.8125, 0.03125, 2.875, 0.09375], "texture": "#0"},
				"west": {"uv": [3.03125, 0.03125, 3.0625, 0.09375], "texture": "#0"},
				"up": {"uv": [2.96875, 0, 3.03125, 0.03125], "rotation": 90, "texture": "#0"},
				"down": {"uv": [2.96875, 0.09375, 3.03125, 0.125], "rotation": 270, "texture": "#0"}
			}
		},
		{
			"from": [4.6, 2.95, 0.3],
			"to": [5.6, 3.95, 0.8],
			"rotation": {"angle": 45, "axis": "z", "origin": [5.35, 3.45, 0.4]},
			"faces": {
				"north": {"uv": [2.96875, 0.03125, 3.03125, 0.09375], "texture": "#0"},
				"east": {"uv": [2.9375, 0.03125, 2.96875, 0.09375], "texture": "#0"},
				"south": {"uv": [0, 0, 0.125, 0.125], "texture": "#missing"},
				"west": {"uv": [3.03125, 0.03125, 3.0625, 0.09375], "texture": "#0"},
				"up": {"uv": [2.96875, 0, 3.03125, 0.03125], "rotation": 90, "texture": "#0"},
				"down": {"uv": [2.96875, 0.09375, 3.03125, 0.125], "rotation": 270, "texture": "#0"}
			}
		},
		{
			"from": [12.8, 2.75, 15.5],
			"to": [14.3, 3.75, 16.2],
			"rotation": {"angle": 0, "axis": "y", "origin": [8.6, 9.75, 16.3]},
			"faces": {
				"east": {"uv": [4.31244, 0.21872, 4.28122, 0.28122], "texture": "#0"},
				"south": {"uv": [4.40622, 0.21872, 4.3125, 0.28122], "texture": "#0"},
				"west": {"uv": [4.43744, 0.21872, 4.40622, 0.28122], "texture": "#0"},
				"up": {"uv": [4.40622, 0.1875, 4.3125, 0.21872], "rotation": 90, "texture": "#0"},
				"down": {"uv": [4.40622, 0.28122, 4.3125, 0.31244], "rotation": 270, "texture": "#0"}
			}
		},
		{
			"from": [7.5, 6.6, 15.5],
			"to": [8.5, 7.6, 15.8],
			"rotation": {"angle": 0, "axis": "x", "origin": [8, 7.4, 15.55]},
			"faces": {
				"east": {"uv": [3.84375, 0.21875, 3.8125, 0.28125], "texture": "#0"},
				"south": {"uv": [3.90625, 0.21875, 3.84375, 0.28125], "texture": "#0"},
				"west": {"uv": [3.96875, 0.21875, 3.9375, 0.28125], "texture": "#0"},
				"up": {"uv": [3.90625, 0.1875, 3.84375, 0.21875], "rotation": 90, "texture": "#0"},
				"down": {"uv": [3.90625, 0.28125, 3.84375, 0.3125], "rotation": 270, "texture": "#0"}
			}
		},
		{
			"from": [1.7, 2.75, 15.5],
			"to": [3.2, 3.75, 16.2],
			"rotation": {"angle": 0, "axis": "y", "origin": [-2.5, 9.75, 16.3]},
			"faces": {
				"north": {"uv": [0.1875, 0, 0, 0.125], "texture": "#missing"},
				"east": {"uv": [3.21872, 0.21872, 3.1875, 0.28122], "texture": "#0"},
				"south": {"uv": [3.31122, 0.21872, 3.21872, 0.28122], "texture": "#0"},
				"west": {"uv": [3.34372, 0.21872, 3.3125, 0.28122], "texture": "#0"},
				"up": {"uv": [3.31244, 0.1875, 3.21872, 0.21872], "rotation": 90, "texture": "#0"},
				"down": {"uv": [3.31244, 0.28122, 3.21872, 0.31244], "rotation": 270, "texture": "#0"}
			}
		},
		{
			"from": [7.2, 2.75, 15.5],
			"to": [8.8, 3.75, 16.2],
			"rotation": {"angle": 0, "axis": "y", "origin": [3, 9.75, 16.3]},
			"faces": {
				"north": {"uv": [0.2, 0, 0, 0.125], "texture": "#missing"},
				"east": {"uv": [3.84372, 0.21872, 3.8125, 0.28122], "texture": "#0"},
				"south": {"uv": [3.93744, 0.21872, 3.84372, 0.28122], "texture": "#0"},
				"west": {"uv": [3.96869, 0.21872, 3.9375, 0.28122], "texture": "#0"},
				"up": {"uv": [3.93744, 0.1875, 3.84372, 0.21872], "rotation": 90, "texture": "#0"},
				"down": {"uv": [3.93744, 0.28122, 3.84372, 0.31244], "rotation": 270, "texture": "#0"}
			}
		},
		{
			"from": [10.5, 3.2, 15.2],
			"to": [11, 3.7, 15.9],
			"rotation": {"angle": 45, "axis": "z", "origin": [11, 3.45, 15.4]},
			"faces": {
				"east": {"uv": [2.59309, 0.375, 2.5625, 0.40559], "texture": "#0"},
				"south": {"uv": [2.62434, 0.375, 2.59372, 0.40559], "texture": "#0"},
				"west": {"uv": [2.65613, 0.375, 2.625, 0.40619], "texture": "#0"},
				"up": {"uv": [2.62484, 0.34372, 2.59372, 0.37484], "rotation": 90, "texture": "#0"},
				"down": {"uv": [2.62484, 0.40622, 2.59372, 0.43734], "rotation": 270, "texture": "#0"}
			}
		},
		{
			"from": [4.85, 3.2, 15.2],
			"to": [5.35, 3.7, 15.9],
			"rotation": {"angle": 45, "axis": "z", "origin": [5.35, 3.45, 15.4]},
			"faces": {
				"north": {"uv": [0.0625, 0, 0, 0.0625], "texture": "#missing"},
				"east": {"uv": [2.90559, 0.375, 2.875, 0.40559], "texture": "#0"},
				"south": {"uv": [2.93684, 0.375, 2.90622, 0.40559], "texture": "#0"},
				"west": {"uv": [2.96863, 0.375, 2.9375, 0.40619], "texture": "#0"},
				"up": {"uv": [2.93734, 0.34372, 2.90622, 0.37484], "rotation": 90, "texture": "#0"},
				"down": {"uv": [2.93734, 0.40622, 2.90622, 0.43734], "rotation": 270, "texture": "#0"}
			}
		},
		{
			"from": [12.55, 2.5, 15.3],
			"to": [14.55, 4, 15.8],
			"rotation": {"angle": 0, "axis": "y", "origin": [8.6, 9.75, 16.1]},
			"faces": {
				"east": {"uv": [2.59375, 0.03125, 2.5625, 0.125], "texture": "#0"},
				"south": {"uv": [2.71875, 0, 2.59375, 0.09375], "texture": "#0"},
				"west": {"uv": [2.75, 0.03125, 2.71875, 0.125], "texture": "#0"},
				"up": {"uv": [2.71875, 0, 2.59375, 0.03125], "rotation": 90, "texture": "#0"},
				"down": {"uv": [2.71875, 0.125, 2.59375, 0.15625], "rotation": 270, "texture": "#0"}
			}
		},
		{
			"from": [1.45, 2.5, 15.3],
			"to": [3.45, 4, 15.8],
			"rotation": {"angle": 0, "axis": "y", "origin": [-2.5, 9.75, 16.1]},
			"faces": {
				"east": {"uv": [2.59375, 0.03125, 2.5625, 0.125], "texture": "#0"},
				"south": {"uv": [2.71875, 0, 2.59375, 0.09375], "texture": "#0"},
				"west": {"uv": [2.75, 0.03125, 2.71875, 0.125], "texture": "#0"},
				"up": {"uv": [2.71875, 0, 2.59375, 0.03125], "rotation": 90, "texture": "#0"},
				"down": {"uv": [2.71875, 0.125, 2.59375, 0.15625], "rotation": 270, "texture": "#0"}
			}
		},
		{
			"from": [6.95, 2.5, 15.3],
			"to": [9.05, 4, 15.8],
			"rotation": {"angle": 0, "axis": "y", "origin": [3, 9.75, 16.1]},
			"faces": {
				"east": {"uv": [2.59375, 0.03125, 2.5625, 0.125], "texture": "#0"},
				"south": {"uv": [2.71875, 0, 2.59375, 0.09375], "texture": "#0"},
				"west": {"uv": [2.75, 0.03125, 2.71875, 0.125], "texture": "#0"},
				"up": {"uv": [2.71875, 0, 2.59375, 0.03125], "rotation": 90, "texture": "#0"},
				"down": {"uv": [2.71875, 0.125, 2.59375, 0.15625], "rotation": 270, "texture": "#0"}
			}
		},
		{
			"from": [10.25, 2.95, 15.2],
			"to": [11.25, 3.95, 15.7],
			"rotation": {"angle": 45, "axis": "z", "origin": [11, 3.45, 15.6]},
			"faces": {
				"north": {"uv": [2.875, 0.03125, 2.8125, 0.09375], "texture": "#0"},
				"east": {"uv": [2.96875, 0.03125, 2.9375, 0.09375], "texture": "#0"},
				"south": {"uv": [3.03125, 0.03125, 2.96875, 0.09375], "texture": "#0"},
				"west": {"uv": [3.0625, 0.03125, 3.03125, 0.09375], "texture": "#0"},
				"up": {"uv": [3.03125, 0, 2.96875, 0.03125], "rotation": 90, "texture": "#0"},
				"down": {"uv": [3.03125, 0.09375, 2.96875, 0.125], "rotation": 270, "texture": "#0"}
			}
		},
		{
			"from": [4.6, 2.95, 15.2],
			"to": [5.6, 3.95, 15.7],
			"rotation": {"angle": 45, "axis": "z", "origin": [5.35, 3.45, 15.6]},
			"faces": {
				"north": {"uv": [0.125, 0, 0, 0.125], "texture": "#missing"},
				"east": {"uv": [2.96875, 0.03125, 2.9375, 0.09375], "texture": "#0"},
				"south": {"uv": [3.03125, 0.03125, 2.96875, 0.09375], "texture": "#0"},
				"west": {"uv": [3.0625, 0.03125, 3.03125, 0.09375], "texture": "#0"},
				"up": {"uv": [3.03125, 0, 2.96875, 0.03125], "rotation": 90, "texture": "#0"},
				"down": {"uv": [3.03125, 0.09375, 2.96875, 0.125], "rotation": 270, "texture": "#0"}
			}
		},
		{
			"from": [15.5, 2.75, 1.7],
			"to": [16.2, 3.75, 3.2],
			"rotation": {"angle": 0, "axis": "y", "origin": [16.3, 9.75, 7.4]},
			"faces": {
				"north": {"uv": [4, 0.21875, 3.96875, 0.28125], "texture": "#0"},
				"east": {"uv": [4.09375, 0.21875, 4, 0.28125], "texture": "#0"},
				"south": {"uv": [4.125, 0.21875, 4.09375, 0.28125], "texture": "#0"},
				"up": {"uv": [4.09375, 0.1875, 4, 0.21875], "texture": "#0"},
				"down": {"uv": [4.09375, 0.28125, 4, 0.3125], "texture": "#0"}
			}
		},
		{
			"from": [15.5, 6.6, 7.5],
			"to": [15.8, 7.6, 8.5],
			"rotation": {"angle": 0, "axis": "x", "origin": [15.55, 7.4, 8]},
			"faces": {
				"north": {"uv": [3.84375, 0.21875, 3.8125, 0.28125], "texture": "#0"},
				"east": {"uv": [3.90625, 0.21875, 3.84375, 0.28125], "texture": "#0"},
				"south": {"uv": [3.96875, 0.21875, 3.9375, 0.28125], "texture": "#0"},
				"up": {"uv": [3.90625, 0.1875, 3.84375, 0.21875], "texture": "#0"},
				"down": {"uv": [3.90625, 0.28125, 3.84375, 0.3125], "texture": "#0"}
			}
		},
		{
			"from": [15.5, 2.75, 12.8],
			"to": [16.2, 3.75, 14.3],
			"rotation": {"angle": 0, "axis": "y", "origin": [16.3, 9.75, 18.5]},
			"faces": {
				"north": {"uv": [3.375, 0.21875, 3.34375, 0.28125], "texture": "#0"},
				"east": {"uv": [3.46875, 0.21875, 3.375, 0.28125], "texture": "#0"},
				"south": {"uv": [3.5, 0.21875, 3.46875, 0.28125], "texture": "#0"},
				"west": {"uv": [0.1875, 0, 0, 0.125], "texture": "#missing"},
				"up": {"uv": [3.46875, 0.1875, 3.375, 0.21875], "texture": "#0"},
				"down": {"uv": [3.46875, 0.28125, 3.375, 0.3125], "texture": "#0"}
			}
		},
		{
			"from": [15.5, 2.75, 7.2],
			"to": [16.2, 3.75, 8.8],
			"rotation": {"angle": 0, "axis": "y", "origin": [16.3, 9.75, 13]},
			"faces": {
				"north": {"uv": [2.90625, 0.21875, 2.875, 0.28125], "texture": "#0"},
				"east": {"uv": [3, 0.21875, 2.90625, 0.28125], "texture": "#0"},
				"south": {"uv": [3.03125, 0.21875, 3, 0.28125], "texture": "#0"},
				"west": {"uv": [0.2, 0, 0, 0.125], "texture": "#missing"},
				"up": {"uv": [3, 0.1875, 2.90625, 0.21875], "texture": "#0"},
				"down": {"uv": [3, 0.28125, 2.90625, 0.3125], "texture": "#0"}
			}
		},
		{
			"from": [15.2, 3.2, 5],
			"to": [15.9, 3.7, 5.5],
			"rotation": {"angle": 45, "axis": "x", "origin": [15.4, 3.45, 5]},
			"faces": {
				"north": {"uv": [3.53063, 0.375, 3.5, 0.40563], "texture": "#0"},
				"east": {"uv": [3.56241, 0.375, 3.53125, 0.40619], "texture": "#0"},
				"south": {"uv": [3.59366, 0.375, 3.5625, 0.40619], "texture": "#0"},
				"up": {"uv": [3.56241, 0.34375, 3.53125, 0.37494], "texture": "#0"},
				"down": {"uv": [3.56241, 0.40625, 3.53125, 0.43744], "texture": "#0"}
			}
		},
		{
			"from": [15.2, 3.2, 10.65],
			"to": [15.9, 3.7, 11.15],
			"rotation": {"angle": 45, "axis": "x", "origin": [15.4, 3.45, 10.65]},
			"faces": {
				"north": {"uv": [2.74938, 0.375, 2.71875, 0.40563], "texture": "#0"},
				"east": {"uv": [2.78116, 0.375, 2.75, 0.40619], "texture": "#0"},
				"south": {"uv": [2.81241, 0.375, 2.78125, 0.40619], "texture": "#0"},
				"west": {"uv": [0.0625, 0, 0, 0.0625], "texture": "#missing"},
				"up": {"uv": [2.78116, 0.34375, 2.75, 0.37494], "texture": "#0"},
				"down": {"uv": [2.78116, 0.40625, 2.75, 0.43744], "texture": "#0"}
			}
		},
		{
			"from": [15.3, 2.5, 1.45],
			"to": [15.8, 4, 3.45],
			"rotation": {"angle": 0, "axis": "y", "origin": [16.1, 9.75, 7.4]},
			"faces": {
				"north": {"uv": [2.59375, 0.03125, 2.5625, 0.125], "texture": "#0"},
				"east": {"uv": [2.71875, 0, 2.59375, 0.09375], "texture": "#0"},
				"south": {"uv": [2.75, 0.03125, 2.71875, 0.125], "texture": "#0"},
				"up": {"uv": [2.71875, 0, 2.59375, 0.03125], "texture": "#0"},
				"down": {"uv": [2.71875, 0.125, 2.59375, 0.15625], "texture": "#0"}
			}
		},
		{
			"from": [15.3, 2.5, 12.55],
			"to": [15.8, 4, 14.55],
			"rotation": {"angle": 0, "axis": "y", "origin": [16.1, 9.75, 18.5]},
			"faces": {
				"north": {"uv": [2.59375, 0.03125, 2.5625, 0.125], "texture": "#0"},
				"east": {"uv": [2.71875, 0, 2.59375, 0.09375], "texture": "#0"},
				"south": {"uv": [2.75, 0.03125, 2.71875, 0.125], "texture": "#0"},
				"up": {"uv": [2.71875, 0, 2.59375, 0.03125], "texture": "#0"},
				"down": {"uv": [2.71875, 0.125, 2.59375, 0.15625], "texture": "#0"}
			}
		},
		{
			"from": [15.3, 2.5, 6.95],
			"to": [15.8, 4, 9.05],
			"rotation": {"angle": 0, "axis": "y", "origin": [16.1, 9.75, 13]},
			"faces": {
				"north": {"uv": [2.59375, 0.03125, 2.5625, 0.125], "texture": "#0"},
				"east": {"uv": [2.71875, 0, 2.59375, 0.09375], "texture": "#0"},
				"south": {"uv": [2.75, 0.03125, 2.71875, 0.125], "texture": "#0"},
				"up": {"uv": [2.71875, 0, 2.59375, 0.03125], "texture": "#0"},
				"down": {"uv": [2.71875, 0.125, 2.59375, 0.15625], "texture": "#0"}
			}
		},
		{
			"from": [15.2, 2.95, 4.75],
			"to": [15.7, 3.95, 5.75],
			"rotation": {"angle": 45, "axis": "x", "origin": [15.6, 3.45, 5]},
			"faces": {
				"north": {"uv": [2.96875, 0.03125, 2.9375, 0.09375], "texture": "#0"},
				"east": {"uv": [3.03125, 0.03125, 2.96875, 0.09375], "texture": "#0"},
				"south": {"uv": [3.0625, 0.03125, 3.03125, 0.09375], "texture": "#0"},
				"west": {"uv": [2.875, 0.03125, 2.8125, 0.09375], "texture": "#0"},
				"up": {"uv": [3.03125, 0, 2.96875, 0.03125], "texture": "#0"},
				"down": {"uv": [3.03125, 0.09375, 2.96875, 0.125], "texture": "#0"}
			}
		},
		{
			"from": [15.2, 2.95, 10.4],
			"to": [15.7, 3.95, 11.4],
			"rotation": {"angle": 45, "axis": "x", "origin": [15.6, 3.45, 10.65]},
			"faces": {
				"north": {"uv": [2.96875, 0.03125, 2.9375, 0.09375], "texture": "#0"},
				"east": {"uv": [3.03125, 0.03125, 2.96875, 0.09375], "texture": "#0"},
				"south": {"uv": [3.0625, 0.03125, 3.03125, 0.09375], "texture": "#0"},
				"west": {"uv": [0.125, 0, 0, 0.125], "texture": "#missing"},
				"up": {"uv": [3.03125, 0, 2.96875, 0.03125], "texture": "#0"},
				"down": {"uv": [3.03125, 0.09375, 2.96875, 0.125], "texture": "#0"}
			}
		}
	],
	"gui_light": "front",
	"display": {
		"thirdperson_righthand": {
			"translation": [0, 1.75, 0],
			"scale": [0.25, 0.25, 0.25]
		},
		"thirdperson_lefthand": {
			"translation": [0, 1.75, 0],
			"scale": [0.25, 0.25, 0.25]
		},
		"firstperson_righthand": {
			"translation": [-0.75, 2.25, 0],
			"scale": [0.5, 0.5, 0.5]
		},
		"firstperson_lefthand": {
			"translation": [0.5, 2.25, 0],
			"scale": [0.5, 0.5, 0.5]
		},
		"ground": {
			"translation": [0, 1.5, 0],
			"scale": [0.5, 0.5, 0.5]
		},
		"gui": {
			"rotation": [0, -45, 0],
			"translation": [0, -2.25, 0],
			"scale": [0.65, 0.65, 0.65]
		},
		"head": {
			"translation": [0, 9, 0],
			"scale": [0.86, 0.86, 0.86]
		},
		"fixed": {
			"rotation": [-90, 0, 0],
			"translation": [0, 0, -11],
			"scale": [1.58, 1.58, 1.58]
		}
	},
	"groups": [0, 1, 2, 3, 4,
		{
			"name": "gold",
			"origin": [9, 9, 9],
			"children": [5, 6, 7, 8,
				{
					"name": "hat",
					"origin": [6.45, 19.3916, 2.75],
					"children": [9, 10, 11]
				},
				{
					"name": "east",
					"origin": [9, 9, 9],
					"children": [12, 13, 14, 15, 16, 17]
				},
				{
					"name": "south",
					"origin": [9, 9, 9],
					"children": [18, 19, 20, 21, 22, 23]
				},
				{
					"name": "north",
					"origin": [9, 9, 9],
					"children": [24, 25, 26, 27, 28, 29]
				},
				{
					"name": "west",
					"origin": [9, 9, 9],
					"children": [30, 31, 32, 33, 34, 35]
				}
			]
		},
		{
			"name": "lowgold",
			"origin": [8.2, 10, 8.2],
			"children": [36, 37, 38,
				{
					"name": "west",
					"origin": [8.2, 10, 8.2],
					"children": [39, 40, 41, 42, 43, 44, 45, 46, 47, 48, 49]
				},
				{
					"name": "north",
					"origin": [8.2, 10, 8.2],
					"children": [50, 51, 52, 53, 54, 55, 56, 57, 58, 59, 60]
				},
				{
					"name": "south",
					"origin": [8.2, 10, 8.2],
					"children": [61, 62, 63, 64, 65, 66, 67, 68, 69, 70, 71]
				},
				{
					"name": "east",
					"origin": [8.2, 10, 8.2],
					"children": [72, 73, 74, 75, 76, 77, 78, 79, 80, 81, 82]
				}
			]
		}
	]
}