{
	"credit": "Made with Blockbench",
	"texture_size": [128, 128],
	"textures": {
		"0": "item/orb",
		"particle": "item/orb"
	},
	"elements": [
		{
			"from": [7, 7, 7],
			"to": [9, 8, 9],
			"rotation": {"angle": 0, "axis": "y", "origin": [14, 15, 14]},
			"faces": {
				"north": {"uv": [0, 0, 0.25, 0.125], "texture": "#missing"},
				"up": {"uv": [2.125, 2.125, 2.625, 2.625], "texture": "#0"}
			}
		},
		{
			"from": [9, 6, 6],
			"to": [11, 7, 10],
			"rotation": {"angle": 0, "axis": "y", "origin": [18, 14, 14]},
			"faces": {
				"north": {"uv": [1.625, 1.625, 2.125, 1.875], "texture": "#0"},
				"east": {"uv": [1.875, 1.625, 2.875, 1.875], "texture": "#0"},
				"south": {"uv": [2.625, 1.625, 3.125, 1.875], "texture": "#0"},
				"up": {"uv": [2.625, 1.875, 3.125, 2.875], "texture": "#0"}
			}
		},
		{
			"from": [9, 7, 7],
			"to": [10, 8, 9],
			"rotation": {"angle": 0, "axis": "y", "origin": [14, 15, 14]},
			"faces": {
				"north": {"uv": [1.875, 1.375, 2.125, 1.625], "texture": "#0"},
				"east": {"uv": [2.125, 1.375, 2.625, 1.625], "texture": "#0"},
				"south": {"uv": [2.625, 1.375, 2.875, 1.625], "texture": "#0"},
				"up": {"uv": [2.625, 2.125, 2.875, 2.625], "texture": "#0"}
			}
		},
		{
			"from": [6, 7, 7],
			"to": [7, 8, 9],
			"rotation": {"angle": 0, "axis": "y", "origin": [11, 15, 14]},
			"faces": {
				"north": {"uv": [2.625, 1.375, 2.875, 1.625], "texture": "#0"},
				"south": {"uv": [1.875, 1.375, 2.125, 1.625], "texture": "#0"},
				"west": {"uv": [2.125, 1.375, 2.625, 1.625], "texture": "#0"},
				"up": {"uv": [1.875, 2.125, 2.125, 2.625], "texture": "#0"}
			}
		},
		{
			"from": [7, 7, 6],
			"to": [9, 8, 7],
			"rotation": {"angle": 0, "axis": "y", "origin": [14, 15, 13]},
			"faces": {
				"north": {"uv": [2.125, 1.375, 2.625, 1.625], "texture": "#0"},
				"east": {"uv": [1.875, 1.375, 2.125, 1.625], "texture": "#0"},
				"west": {"uv": [1.875, 1.375, 2.125, 1.625], "texture": "#0"},
				"up": {"uv": [2.125, 1.875, 2.625, 2.125], "texture": "#0"}
			}
		},
		{
			"from": [7, 7, 9],
			"to": [9, 8, 10],
			"rotation": {"angle": 0, "axis": "y", "origin": [14, 15, 16]},
			"faces": {
				"east": {"uv": [2.625, 1.375, 2.875, 1.625], "texture": "#0"},
				"south": {"uv": [2.125, 1.375, 2.625, 1.625], "texture": "#0"},
				"west": {"uv": [2.625, 1.375, 2.875, 1.625], "texture": "#0"},
				"up": {"uv": [2.125, 2.625, 2.625, 2.875], "texture": "#0"}
			}
		},
		{
			"from": [5, 6, 6],
			"to": [7, 7, 10],
			"rotation": {"angle": 0, "axis": "y", "origin": [14, 14, 14]},
			"faces": {
				"north": {"uv": [2.625, 1.625, 3.125, 1.875], "texture": "#0"},
				"south": {"uv": [1.625, 1.625, 2.125, 1.875], "texture": "#0"},
				"west": {"uv": [1.875, 1.625, 2.875, 1.875], "texture": "#0"},
				"up": {"uv": [1.625, 1.875, 2.125, 2.875], "texture": "#0"}
			}
		},
		{
			"from": [6, 6, 10],
			"to": [10, 7, 11],
			"rotation": {"angle": 0, "axis": "y", "origin": [17, 14, 14]},
			"faces": {
				"east": {"uv": [1.625, 1.625, 1.875, 1.875], "texture": "#0"},
				"south": {"uv": [1.875, 1.625, 2.875, 1.875], "texture": "#0"},
				"west": {"uv": [2.875, 1.625, 3.125, 1.875], "texture": "#0"},
				"up": {"uv": [1.875, 2.875, 2.875, 3.125], "texture": "#0"}
			}
		},
		{
			"from": [6, 6, 5],
			"to": [10, 7, 6],
			"rotation": {"angle": 0, "axis": "y", "origin": [17, 14, 9]},
			"faces": {
				"north": {"uv": [1.875, 1.625, 2.875, 1.875], "texture": "#0"},
				"east": {"uv": [2.875, 1.625, 3.125, 1.875], "texture": "#0"},
				"west": {"uv": [1.625, 1.625, 1.875, 1.875], "texture": "#0"},
				"up": {"uv": [1.875, 1.625, 2.875, 1.875], "texture": "#0"}
			}
		},
		{
			"from": [7, 0, 7],
			"to": [9, 1, 9],
			"rotation": {"angle": 0, "axis": "y", "origin": [14, 8, 14]},
			"faces": {
				"down": {"uv": [2.125, 2.125, 2.625, 2.625], "texture": "#0"}
			}
		},
		{
			"from": [9, 1, 6],
			"to": [11, 2, 10],
			"rotation": {"angle": 0, "axis": "y", "origin": [18, 9, 14]},
			"faces": {
				"north": {"uv": [1.625, 2.875, 2.125, 3.125], "texture": "#0"},
				"east": {"uv": [1.875, 2.875, 2.875, 3.125], "texture": "#0"},
				"south": {"uv": [2.625, 2.875, 3.125, 3.125], "texture": "#0"},
				"down": {"uv": [2.625, 1.875, 3.125, 2.875], "texture": "#0"}
			}
		},
		{
			"from": [9, 0, 7],
			"to": [10, 1, 9],
			"rotation": {"angle": 0, "axis": "y", "origin": [14, 8, 14]},
			"faces": {
				"north": {"uv": [1.875, 3.125, 2.125, 3.375], "texture": "#0"},
				"east": {"uv": [2.125, 3.125, 2.625, 3.375], "texture": "#0"},
				"south": {"uv": [2.625, 3.125, 2.875, 3.375], "texture": "#0"},
				"down": {"uv": [2.625, 2.125, 2.875, 2.625], "texture": "#0"}
			}
		},
		{
			"from": [6, 0, 7],
			"to": [7, 1, 9],
			"rotation": {"angle": 0, "axis": "y", "origin": [11, 8, 14]},
			"faces": {
				"north": {"uv": [2.625, 3.125, 2.875, 3.375], "texture": "#0"},
				"south": {"uv": [1.875, 3.125, 2.125, 3.375], "texture": "#0"},
				"west": {"uv": [2.125, 3.125, 2.625, 3.375], "texture": "#0"},
				"down": {"uv": [1.875, 2.125, 2.125, 2.625], "texture": "#0"}
			}
		},
		{
			"from": [7, 0, 6],
			"to": [9, 1, 7],
			"rotation": {"angle": 0, "axis": "y", "origin": [14, 8, 13]},
			"faces": {
				"north": {"uv": [2.125, 3.125, 2.625, 3.375], "texture": "#0"},
				"east": {"uv": [1.875, 3.125, 2.125, 3.375], "texture": "#0"},
				"west": {"uv": [1.875, 3.125, 2.125, 3.375], "texture": "#0"},
				"down": {"uv": [2.125, 1.875, 2.625, 2.125], "texture": "#0"}
			}
		},
		{
			"from": [7, 0, 9],
			"to": [9, 1, 10],
			"rotation": {"angle": 0, "axis": "y", "origin": [14, 8, 16]},
			"faces": {
				"east": {"uv": [2.625, 3.125, 2.875, 3.375], "texture": "#0"},
				"south": {"uv": [2.125, 3.125, 2.625, 3.375], "texture": "#0"},
				"west": {"uv": [2.625, 3.125, 2.875, 3.375], "texture": "#0"},
				"down": {"uv": [2.125, 2.625, 2.625, 2.875], "texture": "#0"}
			}
		},
		{
			"from": [5, 1, 6],
			"to": [7, 2, 10],
			"rotation": {"angle": 0, "axis": "y", "origin": [14, 9, 14]},
			"faces": {
				"north": {"uv": [2.625, 2.875, 3.125, 3.125], "texture": "#0"},
				"south": {"uv": [1.625, 2.875, 2.125, 3.125], "texture": "#0"},
				"west": {"uv": [1.875, 2.875, 2.875, 3.125], "texture": "#0"},
				"down": {"uv": [1.625, 1.875, 2.125, 2.875], "texture": "#0"}
			}
		},
		{
			"from": [6, 1, 10],
			"to": [10, 2, 11],
			"rotation": {"angle": 0, "axis": "y", "origin": [17, 9, 14]},
			"faces": {
				"east": {"uv": [1.625, 2.875, 1.875, 3.125], "texture": "#0"},
				"south": {"uv": [1.875, 2.875, 2.875, 3.125], "texture": "#0"},
				"west": {"uv": [2.875, 2.875, 3.125, 3.125], "texture": "#0"},
				"down": {"uv": [1.875, 2.875, 2.875, 3.125], "texture": "#0"}
			}
		},
		{
			"from": [6, 1, 5],
			"to": [10, 2, 6],
			"rotation": {"angle": 0, "axis": "y", "origin": [17, 9, 9]},
			"faces": {
				"north": {"uv": [1.875, 2.875, 2.875, 3.125], "texture": "#0"},
				"east": {"uv": [2.875, 2.875, 3.125, 3.125], "texture": "#0"},
				"west": {"uv": [1.625, 2.875, 1.875, 3.125], "texture": "#0"},
				"down": {"uv": [1.875, 1.625, 2.875, 1.875], "texture": "#0"}
			}
		},
		{
			"from": [11, 3, 7],
			"to": [12, 5, 9],
			"rotation": {"angle": 0, "axis": "y", "origin": [16, 11, 14]},
			"faces": {
				"east": {"uv": [2.125, 2.125, 2.625, 2.625], "texture": "#0"}
			}
		},
		{
			"from": [11, 3, 6],
			"to": [12, 5, 7],
			"rotation": {"angle": 0, "axis": "y", "origin": [16, 11, 13]},
			"faces": {
				"north": {"uv": [1.375, 2.125, 1.625, 2.625], "texture": "#0"},
				"east": {"uv": [2.625, 2.125, 2.875, 2.625], "texture": "#0"},
				"up": {"uv": [3.125, 1.875, 3.375, 2.125], "texture": "#0"},
				"down": {"uv": [3.125, 1.875, 3.375, 2.125], "texture": "#0"}
			}
		},
		{
			"from": [11, 3, 9],
			"to": [12, 5, 10],
			"rotation": {"angle": 0, "axis": "y", "origin": [16, 11, 16]},
			"faces": {
				"east": {"uv": [1.875, 2.125, 2.125, 2.625], "texture": "#0"},
				"south": {"uv": [3.125, 2.125, 3.375, 2.625], "texture": "#0"},
				"up": {"uv": [3.125, 2.625, 3.375, 2.875], "texture": "#0"},
				"down": {"uv": [3.125, 2.625, 3.375, 2.875], "texture": "#0"}
			}
		},
		{
			"from": [11, 5, 7],
			"to": [12, 6, 9],
			"rotation": {"angle": 0, "axis": "y", "origin": [11.5, 5.5, 8]},
			"faces": {
				"north": {"uv": [1.375, 1.875, 1.625, 2.125], "texture": "#0"},
				"east": {"uv": [2.125, 1.875, 2.625, 2.125], "texture": "#0"},
				"south": {"uv": [3.125, 1.875, 3.375, 2.125], "texture": "#0"},
				"up": {"uv": [3.125, 2.125, 3.375, 2.625], "texture": "#0"}
			}
		},
		{
			"from": [11, 2, 7],
			"to": [12, 3, 9],
			"rotation": {"angle": 0, "axis": "y", "origin": [16, 10, 15]},
			"faces": {
				"north": {"uv": [1.375, 2.625, 1.625, 2.875], "texture": "#0"},
				"east": {"uv": [2.125, 2.625, 2.625, 2.875], "texture": "#0"},
				"south": {"uv": [3.125, 2.625, 3.375, 2.875], "texture": "#0"},
				"down": {"uv": [3.125, 2.125, 3.375, 2.625], "texture": "#0"}
			}
		},
		{
			"from": [10, 2, 6],
			"to": [11, 3, 10],
			"rotation": {"angle": 0, "axis": "y", "origin": [15, 11, 15]},
			"faces": {
				"east": {"uv": [1.875, 2.625, 2.875, 2.875], "texture": "#0"}
			}
		},
		{
			"from": [10, 5, 6],
			"to": [11, 6, 10],
			"rotation": {"angle": 0, "axis": "y", "origin": [15, 14, 15]},
			"faces": {
				"east": {"uv": [1.875, 1.875, 2.875, 2.125], "texture": "#0"}
			}
		},
		{
			"from": [10, 2, 5],
			"to": [11, 6, 6],
			"rotation": {"angle": 0, "axis": "y", "origin": [15, 14, 14]},
			"faces": {
				"north": {"uv": [1.625, 1.875, 1.875, 2.875], "texture": "#0"},
				"east": {"uv": [2.875, 1.875, 3.125, 2.875], "texture": "#0"},
				"up": {"uv": [2.875, 1.625, 3.125, 1.875], "texture": "#0"},
				"down": {"uv": [2.875, 2.875, 3.125, 3.125], "texture": "#0"}
			}
		},
		{
			"from": [10, 2, 10],
			"to": [11, 6, 11],
			"rotation": {"angle": 0, "axis": "y", "origin": [15, 14, 19]},
			"faces": {
				"east": {"uv": [1.625, 1.875, 1.875, 2.875], "texture": "#0"},
				"south": {"uv": [2.875, 1.875, 3.125, 2.875], "texture": "#0"},
				"up": {"uv": [2.875, 2.875, 3.125, 3.125], "texture": "#0"},
				"down": {"uv": [2.875, 1.625, 3.125, 1.875], "texture": "#0"}
			}
		},
		{
			"from": [4, 3, 7],
			"to": [5, 5, 9],
			"rotation": {"angle": 0, "axis": "y", "origin": [9, 11, 14]},
			"faces": {
				"west": {"uv": [2.125, 2.125, 2.625, 2.625], "texture": "#0"}
			}
		},
		{
			"from": [4, 3, 6],
			"to": [5, 5, 7],
			"rotation": {"angle": 0, "axis": "y", "origin": [9, 11, 13]},
			"faces": {
				"north": {"uv": [3.125, 2.125, 3.375, 2.625], "texture": "#0"},
				"west": {"uv": [1.875, 2.125, 2.125, 2.625], "texture": "#0"},
				"up": {"uv": [1.375, 1.875, 1.625, 2.125], "texture": "#0"},
				"down": {"uv": [1.375, 1.875, 1.625, 2.125], "texture": "#0"}
			}
		},
		{
			"from": [4, 3, 9],
			"to": [5, 5, 10],
			"rotation": {"angle": 0, "axis": "y", "origin": [9, 11, 16]},
			"faces": {
				"south": {"uv": [1.375, 2.125, 1.625, 2.625], "texture": "#0"},
				"west": {"uv": [2.625, 2.125, 2.875, 2.625], "texture": "#0"},
				"up": {"uv": [1.375, 2.625, 1.625, 2.875], "texture": "#0"},
				"down": {"uv": [1.375, 2.625, 1.625, 2.875], "texture": "#0"}
			}
		},
		{
			"from": [4, 5, 7],
			"to": [5, 6, 9],
			"rotation": {"angle": 0, "axis": "y", "origin": [9, 13, 15]},
			"faces": {
				"north": {"uv": [3.125, 1.875, 3.375, 2.125], "texture": "#0"},
				"south": {"uv": [1.375, 1.875, 1.625, 2.125], "texture": "#0"},
				"west": {"uv": [2.125, 1.875, 2.625, 2.125], "texture": "#0"},
				"up": {"uv": [1.375, 2.125, 1.625, 2.625], "texture": "#0"}
			}
		},
		{
			"from": [4, 2, 7],
			"to": [5, 3, 9],
			"rotation": {"angle": 0, "axis": "y", "origin": [9, 10, 15]},
			"faces": {
				"north": {"uv": [3.125, 2.625, 3.375, 2.875], "texture": "#0"},
				"south": {"uv": [1.375, 2.625, 1.625, 2.875], "texture": "#0"},
				"west": {"uv": [2.125, 2.625, 2.625, 2.875], "texture": "#0"},
				"down": {"uv": [1.375, 2.125, 1.625, 2.625], "texture": "#0"}
			}
		},
		{
			"from": [5, 2, 6],
			"to": [6, 3, 10],
			"rotation": {"angle": 0, "axis": "y", "origin": [10, 11, 15]},
			"faces": {
				"west": {"uv": [1.875, 2.625, 2.875, 2.875], "texture": "#0"}
			}
		},
		{
			"from": [5, 5, 6],
			"to": [6, 6, 10],
			"rotation": {"angle": 0, "axis": "y", "origin": [10, 14, 15]},
			"faces": {
				"west": {"uv": [1.875, 1.875, 2.875, 2.125], "texture": "#0"}
			}
		},
		{
			"from": [5, 2, 5],
			"to": [6, 6, 6],
			"rotation": {"angle": 0, "axis": "y", "origin": [10, 14, 14]},
			"faces": {
				"north": {"uv": [2.875, 1.875, 3.125, 2.875], "texture": "#0"},
				"west": {"uv": [1.625, 1.875, 1.875, 2.875], "texture": "#0"},
				"up": {"uv": [1.625, 1.625, 1.875, 1.875], "texture": "#0"},
				"down": {"uv": [1.625, 2.875, 1.875, 3.125], "texture": "#0"}
			}
		},
		{
			"from": [5, 2, 10],
			"to": [6, 6, 11],
			"rotation": {"angle": 0, "axis": "y", "origin": [10, 14, 19]},
			"faces": {
				"south": {"uv": [1.625, 1.875, 1.875, 2.875], "texture": "#0"},
				"west": {"uv": [2.875, 1.875, 3.125, 2.875], "texture": "#0"},
				"up": {"uv": [1.625, 2.875, 1.875, 3.125], "texture": "#0"},
				"down": {"uv": [1.625, 1.625, 1.875, 1.875], "texture": "#0"}
			}
		},
		{
			"from": [6, 2, 5],
			"to": [10, 6, 6],
			"rotation": {"angle": 0, "axis": "y", "origin": [13, 11, 13]},
			"faces": {
				"north": {"uv": [1.875, 1.875, 2.875, 2.875], "texture": "#0"}
			}
		},
		{
			"from": [6, 3, 4],
			"to": [7, 5, 5],
			"rotation": {"angle": 0, "axis": "y", "origin": [13, 11, 12]},
			"faces": {
				"north": {"uv": [2.625, 2.125, 2.875, 2.625], "texture": "#0"},
				"west": {"uv": [1.375, 2.125, 1.625, 2.625], "texture": "#0"},
				"up": {"uv": [1.875, 1.375, 2.125, 1.625], "texture": "#0"},
				"down": {"uv": [1.875, 3.125, 2.125, 3.375], "texture": "#0"}
			}
		},
		{
			"from": [7, 5, 4],
			"to": [9, 6, 5],
			"rotation": {"angle": 0, "axis": "y", "origin": [15, 13, 12]},
			"faces": {
				"north": {"uv": [2.125, 1.875, 2.625, 2.125], "texture": "#0"},
				"east": {"uv": [1.375, 1.875, 1.625, 2.125], "texture": "#0"},
				"west": {"uv": [1.375, 1.875, 1.625, 2.125], "texture": "#0"},
				"up": {"uv": [2.125, 1.375, 2.625, 1.625], "texture": "#0"}
			}
		},
		{
			"from": [7, 3, 4],
			"to": [9, 5, 5],
			"rotation": {"angle": 0, "axis": "y", "origin": [15, 11, 12]},
			"faces": {
				"north": {"uv": [2.125, 2.125, 2.625, 2.625], "texture": "#0"}
			}
		},
		{
			"from": [7, 2, 4],
			"to": [9, 3, 5],
			"rotation": {"angle": 0, "axis": "y", "origin": [15, 10, 12]},
			"faces": {
				"north": {"uv": [2.125, 2.625, 2.625, 2.875], "texture": "#0"},
				"east": {"uv": [1.375, 2.625, 1.625, 2.875], "texture": "#0"},
				"west": {"uv": [1.375, 2.625, 1.625, 2.875], "texture": "#0"},
				"down": {"uv": [2.125, 3.125, 2.625, 3.375], "texture": "#0"}
			}
		},
		{
			"from": [9, 3, 4],
			"to": [10, 5, 5],
			"rotation": {"angle": 0, "axis": "y", "origin": [16, 11, 12]},
			"faces": {
				"north": {"uv": [1.875, 2.125, 2.125, 2.625], "texture": "#0"},
				"east": {"uv": [1.375, 2.125, 1.625, 2.625], "texture": "#0"},
				"up": {"uv": [2.625, 1.375, 2.875, 1.625], "texture": "#0"},
				"down": {"uv": [2.625, 3.125, 2.875, 3.375], "texture": "#0"}
			}
		},
		{
			"from": [6, 2, 10],
			"to": [10, 6, 11],
			"rotation": {"angle": 0, "axis": "y", "origin": [13, 11, 18]},
			"faces": {
				"south": {"uv": [1.875, 1.875, 2.875, 2.875], "texture": "#0"}
			}
		},
		{
			"from": [6, 3, 11],
			"to": [7, 5, 12],
			"rotation": {"angle": 0, "axis": "y", "origin": [13, 11, 19]},
			"faces": {
				"south": {"uv": [1.875, 2.125, 2.125, 2.625], "texture": "#0"},
				"west": {"uv": [3.125, 2.125, 3.375, 2.625], "texture": "#0"},
				"up": {"uv": [1.875, 3.125, 2.125, 3.375], "texture": "#0"},
				"down": {"uv": [1.875, 1.375, 2.125, 1.625], "texture": "#0"}
			}
		},
		{
			"from": [7, 5, 11],
			"to": [9, 6, 12],
			"rotation": {"angle": 0, "axis": "y", "origin": [15, 13, 19]},
			"faces": {
				"east": {"uv": [3.125, 1.875, 3.375, 2.125], "texture": "#0"},
				"south": {"uv": [2.125, 1.875, 2.625, 2.125], "texture": "#0"},
				"west": {"uv": [3.125, 1.875, 3.375, 2.125], "texture": "#0"},
				"up": {"uv": [2.125, 3.125, 2.625, 3.375], "texture": "#0"}
			}
		},
		{
			"from": [7, 3, 11],
			"to": [9, 5, 12],
			"rotation": {"angle": 0, "axis": "y", "origin": [15, 11, 19]},
			"faces": {
				"south": {"uv": [2.125, 2.125, 2.625, 2.625], "texture": "#0"}
			}
		},
		{
			"from": [7, 2, 11],
			"to": [9, 3, 12],
			"rotation": {"angle": 0, "axis": "y", "origin": [15, 10, 19]},
			"faces": {
				"east": {"uv": [3.125, 2.625, 3.375, 2.875], "texture": "#0"},
				"south": {"uv": [2.125, 2.625, 2.625, 2.875], "texture": "#0"},
				"west": {"uv": [3.125, 2.625, 3.375, 2.875], "texture": "#0"},
				"down": {"uv": [2.125, 1.375, 2.625, 1.625], "texture": "#0"}
			}
		},
		{
			"from": [9, 3, 11],
			"to": [10, 5, 12],
			"rotation": {"angle": 0, "axis": "y", "origin": [16, 11, 19]},
			"faces": {
				"east": {"uv": [3.125, 2.125, 3.375, 2.625], "texture": "#0"},
				"south": {"uv": [2.625, 2.125, 2.875, 2.625], "texture": "#0"},
				"up": {"uv": [2.625, 3.125, 2.875, 3.375], "texture": "#0"},
				"down": {"uv": [2.625, 1.375, 2.875, 1.625], "texture": "#0"}
			}
		},
		{
			"from": [5.75, 3.25, 3.75],
			"to": [10.25, 4.75, 12.25],
			"rotation": {"angle": 0, "axis": "y", "origin": [14, 11.5, 12.5]},
			"faces": {
				"north": {"uv": [3.625, 0.125, 5.875, 0.875], "texture": "#0"},
				"east": {"uv": [3.875, 0.125, 8.125, 0.875], "texture": "#0"},
				"south": {"uv": [3.625, 0.125, 5.875, 0.875], "texture": "#0"},
				"west": {"uv": [3.875, 0.125, 8.125, 0.875], "texture": "#0"},
				"up": {"uv": [3.625, 0, 3.75, 0.125], "texture": "#0"},
				"down": {"uv": [3.625, 0.875, 3.75, 1], "texture": "#0"}
			}
		},
		{
			"from": [3.75, 3.25, 5.75],
			"to": [12.25, 4.75, 10.25],
			"rotation": {"angle": 0, "axis": "y", "origin": [11, 11.5, 15]},
			"faces": {
				"north": {"uv": [3.875, 0.125, 8.125, 0.875], "texture": "#0"},
				"east": {"uv": [3.625, 0.125, 5.875, 0.875], "texture": "#0"},
				"south": {"uv": [3.875, 0.125, 8.125, 0.875], "texture": "#0"},
				"west": {"uv": [3.625, 0.125, 5.875, 0.875], "texture": "#0"},
				"up": {"uv": [3.625, 0, 3.75, 0.125], "texture": "#0"},
				"down": {"uv": [3.625, 0.875, 3.75, 1], "texture": "#0"}
			}
		},
		{
			"from": [4.75, 6.25, 7.25],
			"to": [11.25, 7.25, 8.75],
			"rotation": {"angle": 0, "axis": "y", "origin": [17.25, 12, 15]},
			"faces": {
				"north": {"uv": [3.625, 0, 3.75, 0.125], "texture": "#0"},
				"east": {"uv": [3.625, 1.375, 4.125, 2.125], "rotation": 270, "texture": "#0"},
				"south": {"uv": [3.625, 0, 3.75, 0.125], "texture": "#0"},
				"west": {"uv": [3.625, 1.375, 4.125, 2.125], "rotation": 270, "texture": "#0"},
				"up": {"uv": [3.625, 1.375, 6.875, 2.125], "texture": "#0"}
			}
		},
		{
			"from": [3.75, 4.75, 7.25],
			"to": [12.25, 6.25, 8.75],
			"rotation": {"angle": 0, "axis": "y", "origin": [19.25, 11.5, 15]},
			"faces": {
				"north": {"uv": [3.625, 0, 3.75, 0.125], "texture": "#0"},
				"east": {"uv": [3.625, 1.375, 4.375, 2.125], "rotation": 270, "texture": "#0"},
				"south": {"uv": [3.625, 0, 3.75, 0.125], "texture": "#0"},
				"west": {"uv": [3.625, 1.375, 4.375, 2.125], "rotation": 90, "texture": "#0"},
				"up": {"uv": [3.625, 1.375, 7.875, 2.125], "texture": "#0"}
			}
		},
		{
			"from": [5.75, 7.25, 7.25],
			"to": [10.25, 8.25, 8.75],
			"rotation": {"angle": 0, "axis": "y", "origin": [14, 14.75, 15]},
			"faces": {
				"north": {"uv": [3.625, 0, 3.75, 0.125], "texture": "#0"},
				"east": {"uv": [3.625, 1.375, 4.125, 2.125], "rotation": 90, "texture": "#0"},
				"south": {"uv": [3.625, 0, 3.75, 0.125], "texture": "#0"},
				"west": {"uv": [3.625, 1.375, 4.125, 2.125], "rotation": 90, "texture": "#0"},
				"up": {"uv": [3.625, 1.375, 5.875, 2.125], "texture": "#0"}
			}
		},
		{
			"from": [4.75, 3.25, 4.75],
			"to": [11.25, 4.75, 11.25],
			"rotation": {"angle": 0, "axis": "y", "origin": [13.25, 11.5, 20]},
			"faces": {
				"north": {"uv": [4.125, 0.125, 7.375, 0.875], "texture": "#0"},
				"east": {"uv": [4.125, 0.125, 7.375, 0.875], "texture": "#0"},
				"south": {"uv": [4.125, 0.125, 7.375, 0.875], "texture": "#0"},
				"west": {"uv": [4.125, 0.125, 7.375, 0.875], "texture": "#0"},
				"up": {"uv": [3.625, 0, 3.75, 0.125], "texture": "#0"},
				"down": {"uv": [3.625, 0.875, 3.75, 1], "texture": "#0"}
			}
		},
		{
			"from": [7.45077, 9.825, 7.75],
			"to": [8.30077, 10.675, 8.25],
			"rotation": {"angle": 45, "axis": "z", "origin": [8.05077, 10.425, 8]},
			"faces": {
				"north": {"uv": [12.125, 4, 13.125, 5], "rotation": 90, "texture": "#0"},
				"east": {"uv": [6.5, 6.5, 6.75, 7.125], "texture": "#0"},
				"south": {"uv": [12.125, 4, 13.125, 5], "rotation": 180, "texture": "#0"},
				"west": {"uv": [6.5, 6.5, 6.75, 7.125], "texture": "#0"},
				"up": {"uv": [6.5, 6.5, 6.75, 7.125], "texture": "#0"},
				"down": {"uv": [6.5, 6.5, 6.75, 7.125], "texture": "#0"}
			}
		},
		{
			"from": [7.34382, 13.5307, 7.75],
			"to": [8.19382, 14.3807, 8.25],
			"rotation": {"angle": -45, "axis": "z", "origin": [8.05077, 13.67374, 8]},
			"faces": {
				"north": {"uv": [12.125, 4, 13.125, 5], "texture": "#0"},
				"east": {"uv": [6.5, 6.5, 6.75, 7.125], "texture": "#0"},
				"south": {"uv": [12.125, 4, 13.125, 5], "rotation": 270, "texture": "#0"},
				"west": {"uv": [6.5, 6.5, 6.75, 7.125], "texture": "#0"},
				"up": {"uv": [6.5, 6.5, 6.75, 7.125], "texture": "#0"},
				"down": {"uv": [6.5, 6.5, 6.75, 7.125], "texture": "#0"}
			}
		},
		{
			"from": [9.20647, 11.98195, 7.75],
			"to": [9.95647, 12.73195, 8.25],
			"rotation": {"angle": -45, "axis": "z", "origin": [9.34952, 12.125, 8]},
			"faces": {
				"north": {"uv": [13.5, 4, 14.375, 4.875], "rotation": 270, "texture": "#0"},
				"east": {"uv": [6.5, 6.5, 6.75, 7.125], "texture": "#0"},
				"south": {"uv": [13.5, 4, 14.375, 4.875], "texture": "#0"},
				"west": {"uv": [6.5, 6.5, 6.75, 7.125], "texture": "#0"},
				"up": {"uv": [6.5, 6.5, 6.75, 7.125], "texture": "#0"},
				"down": {"uv": [6.5, 6.5, 6.75, 7.125], "texture": "#0"}
			}
		},
		{
			"from": [6.14507, 11.98195, 7.75],
			"to": [6.89507, 12.73195, 8.25],
			"rotation": {"angle": 45, "axis": "z", "origin": [6.75203, 12.125, 8]},
			"faces": {
				"north": {"uv": [13.5, 4, 14.375, 4.875], "texture": "#0"},
				"east": {"uv": [6.5, 6.5, 6.75, 7.125], "texture": "#0"},
				"south": {"uv": [13.5, 4, 14.375, 4.875], "rotation": 270, "texture": "#0"},
				"west": {"uv": [6.5, 6.5, 6.75, 7.125], "texture": "#0"},
				"up": {"uv": [6.5, 6.5, 6.75, 7.125], "texture": "#0"},
				"down": {"uv": [6.5, 6.5, 6.75, 7.125], "texture": "#0"}
			}
		},
		{
			"from": [7.65077, 10.325, 7.7475],
			"to": [8.45077, 11.425, 8.2525],
			"rotation": {"angle": 0, "axis": "z", "origin": [8.17577, 9.95, 8.1225]},
			"faces": {
				"north": {"uv": [7, 4, 8, 5.375], "texture": "#0"},
				"east": {"uv": [6.5, 6.5, 6.75, 7.125], "texture": "#0"},
				"south": {"uv": [7, 4, 8, 5.375], "texture": "#0"},
				"west": {"uv": [6.5, 6.5, 6.75, 7.125], "texture": "#0"}
			}
		},
		{
			"from": [7.65077, 12.825, 7.7475],
			"to": [8.45077, 13.925, 8.2525],
			"rotation": {"angle": 0, "axis": "z", "origin": [8.05077, 13.72374, 7.9975]},
			"faces": {
				"north": {"uv": [7, 4, 8, 5.375], "texture": "#0"},
				"east": {"uv": [6.5, 6.5, 6.75, 7.125], "texture": "#0"},
				"south": {"uv": [7, 4, 8, 5.375], "texture": "#0"},
				"west": {"uv": [6.5, 6.5, 6.75, 7.125], "texture": "#0"}
			}
		},
		{
			"from": [8.75077, 11.725, 7.7475],
			"to": [9.60077, 12.525, 8.2525],
			"rotation": {"angle": 0, "axis": "z", "origin": [9.39952, 12.125, 7.9975]},
			"faces": {
				"north": {"uv": [8.5, 4, 9.5, 5], "texture": "#0"},
				"south": {"uv": [8.5, 4, 9.5, 5], "texture": "#0"},
				"up": {"uv": [6.5, 6.5, 6.75, 7.125], "texture": "#0"},
				"down": {"uv": [6.5, 6.5, 6.75, 7.125], "texture": "#0"}
			}
		},
		{
			"from": [6.50077, 11.725, 7.7475],
			"to": [7.35077, 12.525, 8.2525],
			"rotation": {"angle": 0, "axis": "z", "origin": [6.70203, 12.125, 7.9975]},
			"faces": {
				"north": {"uv": [8.5, 4, 9.5, 5], "texture": "#0"},
				"south": {"uv": [8.5, 4, 9.5, 5], "texture": "#0"},
				"up": {"uv": [6.5, 6.5, 6.75, 7.125], "texture": "#0"},
				"down": {"uv": [6.5, 6.5, 6.75, 7.125], "texture": "#0"}
			}
		},
		{
			"from": [7.25077, 11.325, 7.75],
			"to": [8.85077, 12.925, 8.25],
			"rotation": {"angle": 45, "axis": "z", "origin": [8.05077, 12.125, 8]},
			"faces": {
				"north": {"uv": [9.875, 4, 11.875, 6], "texture": "#0"},
				"east": {"uv": [6.5, 6.5, 6.75, 7.125], "texture": "#0"},
				"south": {"uv": [9.875, 4, 11.875, 6], "texture": "#0"},
				"west": {"uv": [6.5, 6.5, 6.75, 7.125], "texture": "#0"},
				"up": {"uv": [6.5, 6.5, 6.75, 7.125], "texture": "#0"},
				"down": {"uv": [6.5, 6.5, 6.75, 7.125], "texture": "#0"}
			}
		},
		{
			"from": [7.38968, 7.88046, 7.5],
			"to": [8.48968, 8.98046, 8.5],
			"rotation": {"angle": -45, "axis": "z", "origin": [8.43968, 8.48046, 8]},
			"faces": {
				"north": {"uv": [6.5, 6.5, 6.75, 7.125], "texture": "#0"},
				"east": {"uv": [6.5, 6.5, 6.75, 7.125], "texture": "#0"},
				"south": {"uv": [6.5, 6.5, 6.75, 7.125], "texture": "#0"},
				"west": {"uv": [6.5, 6.5, 6.75, 7.125], "texture": "#0"},
				"up": {"uv": [6.5, 6.5, 6.75, 7.125], "texture": "#0"},
				"down": {"uv": [6.5, 6.5, 6.75, 7.125], "texture": "#0"}
			}
		},
		{
			"from": [7.5, 3.5, 3.5],
			"to": [8.5, 4.5, 3.75],
			"rotation": {"angle": 0, "axis": "y", "origin": [14.6, 11.9, 10.75]},
			"faces": {
				"north": {"uv": [4.5, 2.375, 5.5, 3.375], "texture": "#0"},
				"east": {"uv": [4.375, 2.375, 4.5, 3.375], "texture": "#0"},
				"west": {"uv": [5.5, 2.375, 5.625, 3.375], "texture": "#0"},
				"up": {"uv": [4.5, 2.25, 5.5, 2.375], "texture": "#0"},
				"down": {"uv": [4.5, 3.375, 5.5, 3.5], "texture": "#0"}
			}
		},
		{
			"from": [3.5, 3.5, 7.5],
			"to": [3.75, 4.5, 8.5],
			"rotation": {"angle": 0, "axis": "y", "origin": [9.75, 11.9, 14.65]},
			"faces": {
				"north": {"uv": [4.375, 2.375, 4.5, 3.375], "texture": "#0"},
				"south": {"uv": [5.5, 2.375, 5.625, 3.375], "texture": "#0"},
				"west": {"uv": [4.5, 2.375, 5.5, 3.375], "texture": "#0"},
				"up": {"uv": [4.5, 2.25, 5.5, 2.375], "rotation": 90, "texture": "#0"},
				"down": {"uv": [4.5, 3.375, 5.5, 3.5], "rotation": 90, "texture": "#0"}
			}
		},
		{
			"from": [3.85, 6.25, 7.5],
			"to": [4.65, 6.5, 8.5],
			"rotation": {"angle": 0, "axis": "y", "origin": [10, 13.45, 14.65]},
			"faces": {
				"north": {"uv": [5.875, 2.25, 6.875, 2.375], "texture": "#0"},
				"east": {"uv": [6.875, 2.375, 7, 3.375], "texture": "#0"},
				"south": {"uv": [5.875, 3.375, 6.875, 3.5], "texture": "#0"},
				"west": {"uv": [5.75, 2.375, 5.875, 3.375], "texture": "#0"},
				"up": {"uv": [5.875, 2.375, 6.875, 3.375], "texture": "#0"}
			}
		},
		{
			"from": [5.5, 7.35, 7.5],
			"to": [5.75, 8.15, 8.5],
			"rotation": {"angle": 0, "axis": "y", "origin": [11, 14.7, 14.65]},
			"faces": {
				"north": {"uv": [4.5, 3.625, 5.5, 3.75], "texture": "#0"},
				"south": {"uv": [4.5, 4.75, 5.5, 4.875], "texture": "#0"},
				"west": {"uv": [4.5, 3.75, 5.5, 4.75], "texture": "#0"},
				"up": {"uv": [5.5, 3.75, 5.625, 4.75], "texture": "#0"},
				"down": {"uv": [4.375, 3.75, 4.5, 4.75], "texture": "#0"}
			}
		},
		{
			"from": [6.15, 8.25, 7.5],
			"to": [7.15, 8.5, 8.5],
			"rotation": {"angle": 0, "axis": "y", "origin": [11.25, 15.7, 14.65]},
			"faces": {
				"north": {"uv": [4.5, 2.25, 5.5, 2.375], "texture": "#0"},
				"east": {"uv": [5.5, 2.375, 5.625, 3.375], "texture": "#0"},
				"south": {"uv": [4.5, 3.375, 5.5, 3.5], "texture": "#0"},
				"west": {"uv": [4.375, 2.375, 4.5, 3.375], "texture": "#0"},
				"up": {"uv": [4.5, 2.375, 5.5, 3.375], "texture": "#0"}
			}
		},
		{
			"from": [8.85, 8.25, 7.5],
			"to": [9.85, 8.5, 8.5],
			"rotation": {"angle": 0, "axis": "y", "origin": [14.25, 15.7, 14.65]},
			"faces": {
				"north": {"uv": [4.5, 2.25, 5.5, 2.375], "texture": "#0"},
				"east": {"uv": [5.5, 2.375, 5.625, 3.375], "texture": "#0"},
				"south": {"uv": [4.5, 3.375, 5.5, 3.5], "texture": "#0"},
				"west": {"uv": [4.375, 2.375, 4.5, 3.375], "texture": "#0"},
				"up": {"uv": [4.5, 2.375, 5.5, 3.375], "texture": "#0"}
			}
		},
		{
			"from": [10.25, 7.35, 7.5],
			"to": [10.5, 8.15, 8.5],
			"rotation": {"angle": 0, "axis": "y", "origin": [14.5, 15.7, 14.65]},
			"faces": {
				"north": {"uv": [5.875, 2.25, 6.875, 2.375], "texture": "#0"},
				"east": {"uv": [5.875, 2.375, 6.875, 3.375], "texture": "#0"},
				"south": {"uv": [5.875, 3.375, 6.875, 3.5], "texture": "#0"},
				"up": {"uv": [5.75, 2.375, 5.875, 3.375], "texture": "#0"},
				"down": {"uv": [6.875, 2.375, 7, 3.375], "texture": "#0"}
			}
		},
		{
			"from": [11.35, 6.25, 7.5],
			"to": [12.15, 6.5, 8.5],
			"rotation": {"angle": 0, "axis": "y", "origin": [15.5, 14.7, 14.65]},
			"faces": {
				"north": {"uv": [4.5, 3.625, 5.5, 3.75], "texture": "#0"},
				"east": {"uv": [5.5, 3.75, 5.625, 4.75], "texture": "#0"},
				"south": {"uv": [4.5, 4.75, 5.5, 4.875], "texture": "#0"},
				"west": {"uv": [4.375, 3.75, 4.5, 4.75], "texture": "#0"},
				"up": {"uv": [4.5, 3.75, 5.5, 4.75], "texture": "#0"}
			}
		},
		{
			"from": [12.25, 3.5, 7.5],
			"to": [12.5, 4.5, 8.5],
			"rotation": {"angle": 0, "axis": "y", "origin": [18.5, 11.8, 14.45]},
			"faces": {
				"north": {"uv": [5.5, 2.375, 5.625, 3.375], "texture": "#0"},
				"east": {"uv": [4.5, 2.375, 5.5, 3.375], "texture": "#0"},
				"south": {"uv": [4.375, 2.375, 4.5, 3.375], "texture": "#0"},
				"up": {"uv": [4.5, 2.25, 5.5, 2.375], "rotation": 90, "texture": "#0"},
				"down": {"uv": [4.5, 3.375, 5.5, 3.5], "rotation": 90, "texture": "#0"}
			}
		},
		{
			"from": [5.5, 3.5, 3.85],
			"to": [5.75, 4.5, 4.65],
			"rotation": {"angle": 0, "axis": "y", "origin": [12, 11.9, 10.75]},
			"faces": {
				"north": {"uv": [4.375, 3.75, 4.5, 4.75], "texture": "#0"},
				"south": {"uv": [5.5, 3.75, 5.625, 4.75], "texture": "#0"},
				"west": {"uv": [4.5, 3.75, 5.5, 4.75], "texture": "#0"},
				"up": {"uv": [4.5, 3.625, 5.5, 3.75], "texture": "#0"},
				"down": {"uv": [4.5, 4.75, 5.5, 4.875], "texture": "#0"}
			}
		},
		{
			"from": [10.25, 3.5, 3.85],
			"to": [10.5, 4.5, 4.65],
			"rotation": {"angle": 0, "axis": "y", "origin": [16.75, 11.9, 10.75]},
			"faces": {
				"north": {"uv": [6.875, 2.375, 7, 3.375], "texture": "#0"},
				"east": {"uv": [5.875, 2.375, 6.875, 3.375], "texture": "#0"},
				"south": {"uv": [5.75, 2.375, 5.875, 3.375], "texture": "#0"},
				"up": {"uv": [5.875, 2.25, 6.875, 2.375], "texture": "#0"},
				"down": {"uv": [5.875, 3.375, 6.875, 3.5], "texture": "#0"}
			}
		},
		{
			"from": [10.25, 3.5, 11.35],
			"to": [10.5, 4.5, 12.15],
			"rotation": {"angle": 0, "axis": "y", "origin": [16.75, 11.9, 18.25]},
			"faces": {
				"north": {"uv": [5.5, 3.75, 5.625, 4.75], "texture": "#0"},
				"east": {"uv": [4.5, 3.75, 5.5, 4.75], "texture": "#0"},
				"south": {"uv": [4.375, 3.75, 4.5, 4.75], "texture": "#0"},
				"up": {"uv": [4.5, 3.625, 5.5, 3.75], "texture": "#0"},
				"down": {"uv": [4.5, 4.75, 5.5, 4.875], "texture": "#0"}
			}
		},
		{
			"from": [5.5, 3.5, 11.35],
			"to": [5.75, 4.5, 12.15],
			"rotation": {"angle": 0, "axis": "y", "origin": [12, 11.9, 18.25]},
			"faces": {
				"north": {"uv": [5.75, 2.375, 5.875, 3.375], "texture": "#0"},
				"south": {"uv": [6.875, 2.375, 7, 3.375], "texture": "#0"},
				"west": {"uv": [5.875, 2.375, 6.875, 3.375], "texture": "#0"},
				"up": {"uv": [5.875, 2.25, 6.875, 2.375], "texture": "#0"},
				"down": {"uv": [5.875, 3.375, 6.875, 3.5], "texture": "#0"}
			}
		},
		{
			"from": [3.85, 3.5, 5.5],
			"to": [4.65, 4.5, 5.75],
			"rotation": {"angle": 0, "axis": "y", "origin": [11, 11.9, 11.75]},
			"faces": {
				"north": {"uv": [5.875, 2.375, 6.875, 3.375], "texture": "#0"},
				"east": {"uv": [5.75, 2.375, 5.875, 3.375], "texture": "#0"},
				"west": {"uv": [6.875, 2.375, 7, 3.375], "texture": "#0"},
				"up": {"uv": [5.875, 2.25, 6.875, 2.375], "texture": "#0"},
				"down": {"uv": [5.875, 3.375, 6.875, 3.5], "texture": "#0"}
			}
		},
		{
			"from": [11.35, 3.5, 5.5],
			"to": [12.15, 4.5, 5.75],
			"rotation": {"angle": 0, "axis": "y", "origin": [18.5, 11.9, 11.75]},
			"faces": {
				"north": {"uv": [4.5, 3.75, 5.5, 4.75], "texture": "#0"},
				"east": {"uv": [4.375, 3.75, 4.5, 4.75], "texture": "#0"},
				"west": {"uv": [5.5, 3.75, 5.625, 4.75], "texture": "#0"},
				"up": {"uv": [4.5, 3.625, 5.5, 3.75], "texture": "#0"},
				"down": {"uv": [4.5, 4.75, 5.5, 4.875], "texture": "#0"}
			}
		},
		{
			"from": [11.35, 3.5, 10.25],
			"to": [12.15, 4.5, 10.5],
			"rotation": {"angle": 0, "axis": "y", "origin": [18.5, 11.9, 16.5]},
			"faces": {
				"east": {"uv": [6.875, 2.375, 7, 3.375], "texture": "#0"},
				"south": {"uv": [5.875, 2.375, 6.875, 3.375], "texture": "#0"},
				"west": {"uv": [5.75, 2.375, 5.875, 3.375], "texture": "#0"},
				"up": {"uv": [5.875, 2.25, 6.875, 2.375], "texture": "#0"},
				"down": {"uv": [5.875, 3.375, 6.875, 3.5], "texture": "#0"}
			}
		},
		{
			"from": [3.85, 3.5, 10.25],
			"to": [4.65, 4.5, 10.5],
			"rotation": {"angle": 0, "axis": "y", "origin": [11, 11.9, 16.5]},
			"faces": {
				"east": {"uv": [5.5, 3.75, 5.625, 4.75], "texture": "#0"},
				"south": {"uv": [4.5, 3.75, 5.5, 4.75], "texture": "#0"},
				"west": {"uv": [4.375, 3.75, 4.5, 4.75], "texture": "#0"},
				"up": {"uv": [4.5, 3.625, 5.5, 3.75], "texture": "#0"},
				"down": {"uv": [4.5, 4.75, 5.5, 4.875], "texture": "#0"}
			}
		},
		{
			"from": [7.5, 3.5, 12.25],
			"to": [8.5, 4.5, 12.5],
			"rotation": {"angle": 0, "axis": "y", "origin": [15.4, 11.9, 19.5]},
			"faces": {
				"east": {"uv": [5.5, 2.375, 5.625, 3.375], "texture": "#0"},
				"south": {"uv": [4.5, 2.375, 5.5, 3.375], "texture": "#0"},
				"west": {"uv": [4.375, 2.375, 4.5, 3.375], "texture": "#0"},
				"up": {"uv": [4.5, 2.25, 5.5, 2.375], "texture": "#0"},
				"down": {"uv": [4.5, 3.375, 5.5, 3.5], "texture": "#0"}
			}
		}
	],
	"gui_light": "front",
	"display": {
		"thirdperson_righthand": {
			"translation": [0, 5.25, 1],
			"scale": [0.75, 0.75, 0.75]
		},
		"thirdperson_lefthand": {
			"translation": [0, 5.25, 1],
			"scale": [0.75, 0.75, 0.75]
		},
		"firstperson_righthand": {
			"translation": [-0.75, 4.25, 2.25],
			"scale": [0.75, 0.75, 0.75]
		},
		"firstperson_lefthand": {
			"translation": [-0.75, 4.25, 2.25],
			"scale": [0.75, 0.75, 0.75]
		},
		"ground": {
			"rotation": [45, 0, 0],
			"translation": [0, 2, 0],
			"scale": [0.5, 0.5, 0.5]
		},
		"gui": {
			"translation": [0, 0.25, 0],
			"scale": [1.06, 1.06, 1.06]
		},
		"head": {
			"translation": [0, 14.5, 0]
		},
		"fixed": {
			"rotation": [-90, 0, 0],
			"translation": [0, 0.5, -12],
			"scale": [1.5, 1.5, 1.5]
		}
	},
	"groups": [
		{
			"name": "top",
			"origin": [17, 9, 9],
			"children": [0, 1, 2, 3, 4, 5, 6, 7, 8]
		},
		{
			"name": "bottom",
			"origin": [17, 9, 9],
			"children": [9, 10, 11, 12, 13, 14, 15, 16, 17]
		},
		{
			"name": "east",
			"origin": [15, 14, 19],
			"children": [18, 19, 20, 21, 22, 23, 24, 25, 26]
		},
		{
			"name": "west",
			"origin": [15, 14, 19],
			"children": [27, 28, 29, 30, 31, 32, 33, 34, 35]
		},
		{
			"name": "north",
			"origin": [16, 11, 12],
			"children": [36, 37, 38, 39, 40, 41]
		},
		{
			"name": "south",
			"origin": [16, 11, 12],
			"children": [42, 43, 44, 45, 46, 47]
		},
		{
			"name": "group2",
			"origin": [14, 14.75, 15],
			"children": [48, 49, 50, 51, 52, 53]
		},
		{
			"name": "cross",
			"origin": [7.275, 10.925, 8],
			"children": [54, 55, 56, 57, 58, 59, 60, 61, 62]
		},
		{
			"name": "stand",
			"origin": [7.675, 8.58999, 8],
			"children": [63]
		},
		{
			"name": "gems",
			"origin": [15, 11.75, 10.75],
			"children": [64, 65, 66, 67, 68, 69, 70, 71, 72, 73, 74, 75, 76, 77, 78, 79, 80, 81]
		}
	]
}