{
	"credit": "Made with Blockbench",
	"texture_size": [128, 128],
	"textures": {
		"0": "item/sceptre",
		"particle": "item/sceptre"
	},
	"elements": [
		{
			"from": [7.25, -4.5, 7.25],
			"to": [8.75, 18.25, 8.75],
			"shade": false,
			"rotation": {"angle": 0, "axis": "y", "origin": [15.5, 4, 15.5]},
			"faces": {
				"north": {"uv": [1.125, 0.125, 1.5, 5.875], "texture": "#0"},
				"east": {"uv": [3.375, 0.125, 3.75, 5.875], "texture": "#0"},
				"south": {"uv": [2.625, 0.125, 3, 5.875], "texture": "#0"},
				"west": {"uv": [1.875, 0.125, 2.25, 5.875], "texture": "#0"},
				"down": {"uv": [1.125, 6, 1.5, 6.375], "texture": "#0"}
			}
		},
		{
			"from": [7.1, -4.5, 7.1],
			"to": [8.9, 18.25, 8.9],
			"shade": false,
			"rotation": {"angle": 0, "axis": "y", "origin": [15.5, 4, 15.5]},
			"faces": {
				"north": {"uv": [1.125, 6.625, 1.5, 12.375], "texture": "#0"},
				"east": {"uv": [3.375, 6.625, 3.75, 12.375], "texture": "#0"},
				"south": {"uv": [2.625, 6.625, 3, 12.375], "texture": "#0"},
				"west": {"uv": [1.875, 6.625, 2.25, 12.375], "texture": "#0"},
				"down": {"uv": [1.125, 6, 1.5, 6.375], "texture": "#0"}
			}
		},
		{
			"from": [7, 17.95, 7],
			"to": [9, 18.95, 9],
			"shade": false,
			"rotation": {"angle": 0, "axis": "y", "origin": [15, 27.2, 15]},
			"faces": {
				"north": {"uv": [4.125, 3.625, 4.625, 3.875], "texture": "#0"},
				"east": {"uv": [4.75, 3.25, 5.25, 3.5], "texture": "#0"},
				"south": {"uv": [4.125, 3.25, 4.625, 3.5], "texture": "#0"},
				"west": {"uv": [4.75, 3.625, 5.25, 3.875], "texture": "#0"}
			}
		},
		{
			"from": [6.9, 2, 6.9],
			"to": [9.1, 2.5, 9.1],
			"shade": false,
			"rotation": {"angle": 0, "axis": "y", "origin": [15, 10, 15]},
			"faces": {
				"north": {"uv": [4, 0.125, 4.5, 0.25], "texture": "#0"},
				"east": {"uv": [4, 0.875, 4.5, 1], "texture": "#0"},
				"south": {"uv": [4, 0.625, 4.5, 0.75], "texture": "#0"},
				"west": {"uv": [4, 0.375, 4.5, 0.5], "texture": "#0"},
				"up": {"uv": [4.625, 0.125, 5.125, 0.625], "texture": "#0"},
				"down": {"uv": [4.625, 0.75, 5.125, 1.25], "texture": "#0"}
			}
		},
		{
			"from": [7.15, 1, 7.15],
			"to": [8.85, 3.5, 8.85],
			"shade": false,
			"rotation": {"angle": 0, "axis": "y", "origin": [15, 10, 15]},
			"faces": {
				"north": {"uv": [4.125, 1.625, 4.5, 2.25], "texture": "#0"},
				"east": {"uv": [4.625, 2.375, 5, 3], "texture": "#0"},
				"south": {"uv": [4.125, 2.375, 4.5, 3], "texture": "#0"},
				"west": {"uv": [4.625, 1.625, 5, 2.25], "texture": "#0"}
			}
		},
		{
			"from": [7, -4.6, 7],
			"to": [9, -4.1, 9],
			"shade": false,
			"rotation": {"angle": 0, "axis": "y", "origin": [15, 3.4, 15]},
			"faces": {
				"north": {"uv": [4, 0.125, 4.5, 0.25], "texture": "#0"},
				"east": {"uv": [4, 0.875, 4.5, 1], "texture": "#0"},
				"south": {"uv": [4, 0.625, 4.5, 0.75], "texture": "#0"},
				"west": {"uv": [4, 0.375, 4.5, 0.5], "texture": "#0"},
				"up": {"uv": [4.625, 0.125, 5.125, 0.625], "texture": "#0"},
				"down": {"uv": [4.625, 0.75, 5.125, 1.25], "texture": "#0"}
			}
		},
		{
			"from": [7.15, -4.1, 7.15],
			"to": [8.85, -3.1, 8.85],
			"shade": false,
			"rotation": {"angle": 0, "axis": "y", "origin": [15, 3.4, 15]},
			"faces": {
				"north": {"uv": [4.125, 1.625, 4.5, 1.875], "texture": "#0"},
				"east": {"uv": [4.625, 2.375, 5, 2.625], "texture": "#0"},
				"south": {"uv": [4.125, 2.375, 4.5, 2.625], "texture": "#0"},
				"west": {"uv": [4.625, 1.625, 5, 1.875], "texture": "#0"}
			}
		},
		{
			"name": "3",
			"from": [7, 25.5, 7],
			"to": [9, 27.5, 9],
			"shade": false,
			"rotation": {"angle": -45, "axis": "y", "origin": [8, 26.5, 8]},
			"faces": {
				"north": {"uv": [10.125, 1.375, 10.75, 2], "texture": "#0"},
				"east": {"uv": [12.75, 1.375, 13.375, 2], "texture": "#0"},
				"south": {"uv": [11.875, 1.375, 12.5, 2], "texture": "#0"},
				"west": {"uv": [11, 1.375, 11.625, 2], "texture": "#0"},
				"up": {"uv": [11, 0.5, 11.625, 1.125], "texture": "#0"},
				"down": {"uv": [11, 2.25, 11.625, 2.875], "texture": "#0"}
			}
		},
		{
			"name": "4",
			"from": [7.25, 25.75, 6.75],
			"to": [8.75, 27.25, 9.25],
			"shade": false,
			"rotation": {"angle": -45, "axis": "y", "origin": [8, 26.5, 8]},
			"faces": {
				"north": {"uv": [10.125, 3.875, 10.75, 4.5], "texture": "#0"},
				"east": {"uv": [12.75, 3.875, 13.375, 4.5], "texture": "#0"},
				"south": {"uv": [11.875, 3.875, 12.5, 4.5], "texture": "#0"},
				"west": {"uv": [11, 3.875, 11.625, 4.5], "texture": "#0"},
				"up": {"uv": [11, 3, 11.625, 3.625], "texture": "#0"},
				"down": {"uv": [11, 4.75, 11.625, 5.375], "texture": "#0"}
			}
		},
		{
			"name": "5",
			"from": [7.25, 25.75, 6.75],
			"to": [8.75, 27.25, 9.25],
			"shade": false,
			"rotation": {"angle": 45, "axis": "y", "origin": [8, 26.5, 8]},
			"faces": {
				"north": {"uv": [10.125, 3.875, 10.75, 4.5], "texture": "#0"},
				"east": {"uv": [12.75, 3.875, 13.375, 4.5], "texture": "#0"},
				"south": {"uv": [11.875, 3.875, 12.5, 4.5], "texture": "#0"},
				"west": {"uv": [11, 3.875, 11.625, 4.5], "texture": "#0"},
				"up": {"uv": [11, 3, 11.625, 3.625], "texture": "#0"},
				"down": {"uv": [11, 4.75, 11.625, 5.375], "texture": "#0"}
			}
		},
		{
			"name": "6",
			"from": [7.25, 25.25, 7.25],
			"to": [8.75, 27.75, 8.75],
			"shade": false,
			"rotation": {"angle": 45, "axis": "y", "origin": [8, 26.5, 8]},
			"faces": {
				"north": {"uv": [10.125, 3.875, 10.75, 4.5], "texture": "#0"},
				"east": {"uv": [12.75, 3.875, 13.375, 4.5], "texture": "#0"},
				"south": {"uv": [11.875, 3.875, 12.5, 4.5], "texture": "#0"},
				"west": {"uv": [11, 3.875, 11.625, 4.5], "texture": "#0"},
				"up": {"uv": [11, 3, 11.625, 3.625], "texture": "#0"},
				"down": {"uv": [11, 4.75, 11.625, 5.375], "texture": "#0"}
			}
		},
		{
			"from": [7.75, 28.2, 7.75],
			"to": [8.25, 28.7, 8.25],
			"shade": false,
			"rotation": {"angle": 0, "axis": "y", "origin": [6.5, 30.45, 10]},
			"faces": {
				"north": {"uv": [0.625, 15.25, 0.75, 15.375], "texture": "#0"},
				"east": {"uv": [6.375, 15.125, 6.5, 15.25], "texture": "#0"},
				"south": {"uv": [0.625, 15.25, 0.75, 15.375], "texture": "#0"},
				"west": {"uv": [6.625, 15.125, 6.75, 15.25], "texture": "#0"}
			}
		},
		{
			"from": [7.75, 30.2, 7.75],
			"to": [8.25, 30.7, 8.25],
			"shade": false,
			"rotation": {"angle": 0, "axis": "y", "origin": [6.5, 32.45, 10]},
			"faces": {
				"north": {"uv": [0.625, 14.75, 0.75, 14.875], "texture": "#0"},
				"east": {"uv": [5.25, 14.5, 5.375, 14.625], "texture": "#0"},
				"south": {"uv": [0.625, 14.75, 0.75, 14.875], "texture": "#0"},
				"west": {"uv": [5, 14.5, 5.125, 14.625], "texture": "#0"}
			}
		},
		{
			"from": [8.75, 29.2, 7.75],
			"to": [9.25, 29.7, 8.25],
			"shade": false,
			"rotation": {"angle": 0, "axis": "y", "origin": [7.5, 31.45, 10]},
			"faces": {
				"north": {"uv": [0.375, 15, 0.5, 15.125], "texture": "#0"},
				"south": {"uv": [0.375, 15, 0.5, 15.125], "texture": "#0"},
				"up": {"uv": [4.75, 14.75, 4.875, 14.875], "texture": "#0"},
				"down": {"uv": [4.75, 15, 4.875, 15.125], "texture": "#0"}
			}
		},
		{
			"from": [6.75, 29.2, 7.75],
			"to": [7.25, 29.7, 8.25],
			"shade": false,
			"rotation": {"angle": 0, "axis": "y", "origin": [5.5, 31.45, 10]},
			"faces": {
				"north": {"uv": [0.875, 15, 1, 15.125], "texture": "#0"},
				"east": {"uv": [0, 0, 0.0625, 0.0625], "texture": "#missing"},
				"south": {"uv": [0.875, 15, 1, 15.125], "texture": "#0"},
				"west": {"uv": [0, 0, 0.0625, 0.0625], "texture": "#missing"},
				"up": {"uv": [5.5, 14.75, 5.625, 14.875], "texture": "#0"},
				"down": {"uv": [5.5, 15, 5.625, 15.125], "texture": "#0"}
			}
		},
		{
			"from": [9.25, 28.7, 7.75],
			"to": [9.75, 30.2, 8.25],
			"shade": false,
			"rotation": {"angle": 0, "axis": "y", "origin": [8, 31.45, 10]},
			"faces": {
				"north": {"uv": [0.25, 14.875, 0.375, 15.25], "texture": "#0"},
				"east": {"uv": [1.5, 14.875, 1.625, 15.25], "texture": "#0"},
				"south": {"uv": [0.25, 14.875, 0.375, 15.25], "texture": "#0"},
				"west": {"uv": [3.625, 14.75, 3.75, 15.125], "texture": "#0"},
				"up": {"uv": [3.5, 14.625, 3.625, 14.75], "texture": "#0"},
				"down": {"uv": [3.5, 15.125, 3.625, 15.25], "texture": "#0"}
			}
		},
		{
			"from": [6.25, 28.7, 7.75],
			"to": [6.75, 30.2, 8.25],
			"shade": false,
			"rotation": {"angle": 0, "axis": "y", "origin": [5, 31.45, 10]},
			"faces": {
				"north": {"uv": [1, 14.875, 1.125, 15.25], "texture": "#0"},
				"east": {"uv": [4.125, 14.75, 4.25, 15.125], "texture": "#0"},
				"south": {"uv": [1, 14.875, 1.125, 15.25], "texture": "#0"},
				"west": {"uv": [2.75, 14.875, 2.875, 15.25], "texture": "#0"},
				"up": {"uv": [4.25, 14.625, 4.375, 14.75], "texture": "#0"},
				"down": {"uv": [4.25, 15.125, 4.375, 15.25], "texture": "#0"}
			}
		},
		{
			"from": [7.25, 28.7, 7.75],
			"to": [8.75, 30.2, 8.25],
			"shade": false,
			"rotation": {"angle": 0, "axis": "y", "origin": [6.5, 30.95, 10]},
			"faces": {
				"north": {"uv": [0.5, 14.875, 0.875, 15.25], "texture": "#0"},
				"east": {"uv": [6.75, 14.75, 6.875, 15.125], "texture": "#0"},
				"south": {"uv": [0.5, 14.875, 0.875, 15.25], "texture": "#0"},
				"west": {"uv": [6.25, 14.75, 6.375, 15.125], "texture": "#0"},
				"up": {"uv": [6.375, 14.625, 6.75, 14.75], "texture": "#0"},
				"down": {"uv": [6.375, 15.125, 6.75, 15.25], "texture": "#0"}
			}
		},
		{
			"from": [7.25, 27.7, 7.75],
			"to": [8.75, 28.2, 8.25],
			"shade": false,
			"rotation": {"angle": 0, "axis": "y", "origin": [6.5, 29.95, 10]},
			"faces": {
				"north": {"uv": [0.5, 15.375, 0.875, 15.5], "texture": "#0"},
				"east": {"uv": [4.125, 15.375, 4.25, 15.5], "texture": "#0"},
				"south": {"uv": [0.5, 15.375, 0.875, 15.5], "texture": "#0"},
				"west": {"uv": [3.625, 15.375, 3.75, 15.5], "texture": "#0"},
				"up": {"uv": [3.75, 15.25, 4.125, 15.375], "texture": "#0"},
				"down": {"uv": [2, 15.75, 2.375, 15.875], "texture": "#0"}
			}
		},
		{
			"from": [7.25, 30.7, 7.75],
			"to": [8.75, 31.2, 8.25],
			"shade": false,
			"rotation": {"angle": 0, "axis": "y", "origin": [6.5, 32.95, 10]},
			"faces": {
				"north": {"uv": [0.5, 14.625, 0.875, 14.75], "texture": "#0"},
				"east": {"uv": [4.125, 14.375, 4.25, 14.5], "texture": "#0"},
				"south": {"uv": [0.5, 14.625, 0.875, 14.75], "texture": "#0"},
				"west": {"uv": [3.625, 14.375, 3.75, 14.5], "texture": "#0"},
				"up": {"uv": [2, 14.25, 2.375, 14.375], "texture": "#0"},
				"down": {"uv": [3.75, 14.5, 4.125, 14.625], "texture": "#0"}
			}
		},
		{
			"from": [7.53897, 25.20828, 7.85],
			"to": [8.46097, 25.50828, 8.15],
			"shade": false,
			"rotation": {"angle": 0, "axis": "y", "origin": [7.23897, 27.20828, 9.9]},
			"color": 5,
			"faces": {
				"north": {"uv": [0, 0, 0.11525, 0.0375], "texture": "#missing"},
				"east": {"uv": [0, 0, 0.0375, 0.0375], "texture": "#missing"},
				"south": {"uv": [0, 0, 0.11525, 0.0375], "texture": "#missing"},
				"west": {"uv": [0, 0, 0.0375, 0.0375], "texture": "#missing"},
				"up": {"uv": [0, 0, 0.11525, 0.0375], "texture": "#missing"},
				"down": {"uv": [0, 0, 0.11525, 0.0375], "texture": "#missing"}
			}
		},
		{
			"from": [7.85, 21.94762, 9.2217],
			"to": [8.15, 24.44762, 9.5217],
			"shade": false,
			"rotation": {"angle": 0, "axis": "y", "origin": [6.5, 23.94762, 11.3717]},
			"faces": {
				"north": {"uv": [8.375, 6.625, 8.5, 6.75], "texture": "#0"},
				"east": {"uv": [8.375, 6.375, 8.5, 6.5], "texture": "#0"},
				"south": {"uv": [8.375, 6.125, 8.5, 6.25], "texture": "#0"},
				"west": {"uv": [8.375, 6.375, 8.5, 6.5], "texture": "#0"}
			}
		},
		{
			"from": [6.4783, 21.94762, 7.85],
			"to": [6.7783, 24.44762, 8.15],
			"shade": false,
			"rotation": {"angle": 0, "axis": "y", "origin": [5.1283, 23.94762, 10]},
			"faces": {
				"north": {"uv": [8.375, 6.375, 8.5, 6.5], "texture": "#0"},
				"east": {"uv": [8.375, 6.625, 8.5, 6.75], "texture": "#0"},
				"south": {"uv": [8.375, 6.375, 8.5, 6.5], "texture": "#0"},
				"west": {"uv": [8.375, 6.125, 8.5, 6.25], "texture": "#0"}
			}
		},
		{
			"from": [7.85, 21.94762, 6.4783],
			"to": [8.15, 24.44762, 6.7783],
			"shade": false,
			"rotation": {"angle": 0, "axis": "y", "origin": [6.5, 23.94762, 8.6283]},
			"faces": {
				"north": {"uv": [8.375, 6.125, 8.5, 6.25], "texture": "#0"},
				"east": {"uv": [8.375, 6.375, 8.5, 6.5], "texture": "#0"},
				"south": {"uv": [8.375, 6.625, 8.5, 6.75], "texture": "#0"},
				"west": {"uv": [8.375, 6.375, 8.5, 6.5], "texture": "#0"}
			}
		},
		{
			"from": [9.2217, 21.94762, 7.85],
			"to": [9.5217, 24.44762, 8.15],
			"shade": false,
			"rotation": {"angle": 0, "axis": "y", "origin": [7.8717, 23.94762, 10]},
			"faces": {
				"north": {"uv": [8.375, 6.375, 8.5, 6.5], "texture": "#0"},
				"east": {"uv": [8.375, 6.125, 8.5, 6.25], "texture": "#0"},
				"south": {"uv": [8.375, 6.375, 8.5, 6.5], "texture": "#0"},
				"west": {"uv": [8.375, 6.625, 8.5, 6.75], "texture": "#0"}
			}
		},
		{
			"from": [7.85, 25.20828, 7.53897],
			"to": [8.15, 25.50828, 8.46097],
			"shade": false,
			"rotation": {"angle": 0, "axis": "y", "origin": [6.5, 27.20828, 9]},
			"color": 5,
			"faces": {
				"north": {"uv": [0, 0, 0.0375, 0.0375], "texture": "#missing"},
				"east": {"uv": [0, 0, 0.11525, 0.0375], "texture": "#missing"},
				"south": {"uv": [0, 0, 0.0375, 0.0375], "texture": "#missing"},
				"west": {"uv": [0, 0, 0.11525, 0.0375], "texture": "#missing"},
				"up": {"uv": [0, 0, 0.0375, 0.11525], "texture": "#missing"},
				"down": {"uv": [0, 0, 0.0375, 0.11525], "texture": "#missing"}
			}
		},
		{
			"from": [7.6, 21.2, 7.6],
			"to": [8.4, 21.7, 8.4],
			"shade": false,
			"rotation": {"angle": 0, "axis": "y", "origin": [6.5, 22.3, 10]},
			"faces": {
				"north": {"uv": [5.5, 10.25, 6, 10.5], "texture": "#0"},
				"east": {"uv": [5.5, 10.25, 6, 10.5], "texture": "#0"},
				"south": {"uv": [5.5, 10.25, 6, 10.5], "texture": "#0"},
				"west": {"uv": [5.5, 10.25, 6, 10.5], "texture": "#0"},
				"down": {"uv": [8.875, 10, 9.375, 10.5], "texture": "#0"}
			}
		},
		{
			"from": [7.6, 24.65, 7.6],
			"to": [8.4, 25.15, 8.4],
			"shade": false,
			"rotation": {"angle": 0, "axis": "y", "origin": [6.5, 25.75, 10]},
			"faces": {
				"north": {"uv": [5.5, 8, 6, 8.25], "texture": "#0"},
				"east": {"uv": [5.5, 8, 6, 8.25], "texture": "#0"},
				"south": {"uv": [5.5, 8, 6, 8.25], "texture": "#0"},
				"west": {"uv": [5.5, 8, 6, 8.25], "texture": "#0"},
				"up": {"uv": [8.875, 8, 9.375, 8.5], "texture": "#0"}
			}
		},
		{
			"from": [7.2, 21.7, 7.2],
			"to": [8.8, 22.2, 8.8],
			"shade": false,
			"rotation": {"angle": 0, "axis": "y", "origin": [6.5, 22.8, 10]},
			"faces": {
				"north": {"uv": [5.375, 9.875, 6.125, 10.125], "texture": "#0"},
				"east": {"uv": [5.375, 9.875, 6.125, 10.125], "texture": "#0"},
				"south": {"uv": [5.375, 9.875, 6.125, 10.125], "texture": "#0"},
				"west": {"uv": [5.375, 9.875, 6.125, 10.125], "texture": "#0"},
				"down": {"uv": [7.375, 10, 8.125, 10.75], "texture": "#0"}
			}
		},
		{
			"from": [7.2, 24.15, 7.2],
			"to": [8.8, 24.65, 8.8],
			"shade": false,
			"rotation": {"angle": 0, "axis": "y", "origin": [6.5, 25.25, 10]},
			"faces": {
				"north": {"uv": [5.375, 8.375, 6.125, 8.625], "texture": "#0"},
				"east": {"uv": [5.375, 8.375, 6.125, 8.625], "texture": "#0"},
				"south": {"uv": [5.375, 8.375, 6.125, 8.625], "texture": "#0"},
				"west": {"uv": [5.375, 8.375, 6.125, 8.625], "texture": "#0"},
				"up": {"uv": [7.375, 7.75, 8.125, 8.5], "texture": "#0"}
			}
		},
		{
			"from": [6.8, 22.2, 6.8],
			"to": [9.2, 24.15, 9.2],
			"shade": false,
			"rotation": {"angle": 0, "axis": "y", "origin": [6.5, 23.3, 10]},
			"faces": {
				"north": {"uv": [5.125, 8.75, 6.375, 9.75], "texture": "#0"},
				"east": {"uv": [5.125, 8.75, 6.375, 9.75], "texture": "#0"},
				"south": {"uv": [5.125, 8.75, 6.375, 9.75], "texture": "#0"},
				"west": {"uv": [5.125, 8.75, 6.375, 9.75], "texture": "#0"},
				"up": {"uv": [7.125, 8.625, 8.375, 9.875], "texture": "#0"},
				"down": {"uv": [8.5, 8.625, 9.75, 9.875], "texture": "#0"}
			}
		},
		{
			"from": [8.20497, 23.90222, 7.85],
			"to": [8.50497, 25.40222, 8.15],
			"shade": false,
			"rotation": {"angle": 45, "axis": "z", "origin": [8.35497, 25.40222, 8]},
			"faces": {
				"north": {"uv": [8.375, 6.375, 8.5, 6.5], "texture": "#0"},
				"east": {"uv": [8.375, 6.125, 8.5, 6.25], "texture": "#0"},
				"south": {"uv": [8.375, 6.375, 8.5, 6.5], "texture": "#0"},
				"west": {"uv": [8.375, 6.625, 8.5, 6.75], "texture": "#0"},
				"up": {"uv": [8.375, 6.625, 8.5, 6.75], "texture": "#0"}
			}
		},
		{
			"from": [6.9647, 20.77336, 7.85],
			"to": [7.2647, 22.27336, 8.15],
			"shade": false,
			"rotation": {"angle": 45, "axis": "z", "origin": [7.1147, 21.52336, 8]},
			"faces": {
				"north": {"uv": [8.375, 6.375, 8.5, 6.5], "texture": "#0"},
				"east": {"uv": [8.375, 6.625, 8.5, 6.75], "texture": "#0"},
				"south": {"uv": [8.375, 6.375, 8.5, 6.5], "texture": "#0"},
				"west": {"uv": [8.375, 6.125, 8.5, 6.25], "texture": "#0"},
				"down": {"uv": [8.375, 6.625, 8.5, 6.75], "texture": "#0"}
			}
		},
		{
			"from": [7.85, 20.77336, 8.7353],
			"to": [8.15, 22.27336, 9.0353],
			"shade": false,
			"rotation": {"angle": 45, "axis": "x", "origin": [8, 21.52336, 8.8853]},
			"faces": {
				"north": {"uv": [8.375, 6.625, 8.5, 6.75], "texture": "#0"},
				"east": {"uv": [8.375, 6.375, 8.5, 6.5], "texture": "#0"},
				"south": {"uv": [8.375, 6.125, 8.5, 6.25], "texture": "#0"},
				"west": {"uv": [8.375, 6.375, 8.5, 6.5], "texture": "#0"},
				"down": {"uv": [8.375, 6.625, 8.5, 6.75], "texture": "#0"}
			}
		},
		{
			"from": [7.85, 23.90222, 7.49503],
			"to": [8.15, 25.40222, 7.79503],
			"shade": false,
			"rotation": {"angle": 45, "axis": "x", "origin": [8, 25.40222, 7.64503]},
			"faces": {
				"north": {"uv": [8.375, 6.125, 8.5, 6.25], "texture": "#0"},
				"east": {"uv": [8.375, 6.375, 8.5, 6.5], "texture": "#0"},
				"south": {"uv": [8.375, 6.625, 8.5, 6.75], "texture": "#0"},
				"west": {"uv": [8.375, 6.375, 8.5, 6.5], "texture": "#0"},
				"up": {"uv": [8.375, 6.625, 8.5, 6.75], "texture": "#0"}
			}
		},
		{
			"from": [7.85, 24.12189, 8.7353],
			"to": [8.15, 25.62189, 9.0353],
			"shade": false,
			"rotation": {"angle": -45, "axis": "x", "origin": [8, 24.87189, 8.8853]},
			"faces": {
				"north": {"uv": [8.375, 6.625, 8.5, 6.75], "texture": "#0"},
				"east": {"uv": [8.375, 6.375, 8.5, 6.5], "texture": "#0"},
				"south": {"uv": [8.375, 6.125, 8.5, 6.25], "texture": "#0"},
				"west": {"uv": [8.375, 6.375, 8.5, 6.5], "texture": "#0"},
				"up": {"uv": [8.375, 6.625, 8.5, 6.75], "texture": "#0"}
			}
		},
		{
			"from": [7.85, 20.77336, 6.9647],
			"to": [8.15, 22.27336, 7.2647],
			"shade": false,
			"rotation": {"angle": -45, "axis": "x", "origin": [8, 21.52336, 7.1147]},
			"faces": {
				"north": {"uv": [8.375, 6.125, 8.5, 6.25], "texture": "#0"},
				"east": {"uv": [8.375, 6.375, 8.5, 6.5], "texture": "#0"},
				"south": {"uv": [8.375, 6.625, 8.5, 6.75], "texture": "#0"},
				"west": {"uv": [8.375, 6.375, 8.5, 6.5], "texture": "#0"},
				"down": {"uv": [8.375, 6.625, 8.5, 6.75], "texture": "#0"}
			}
		},
		{
			"from": [7.49503, 23.90222, 7.85],
			"to": [7.79503, 25.40222, 8.15],
			"shade": false,
			"rotation": {"angle": -45, "axis": "z", "origin": [7.64503, 25.40222, 8]},
			"faces": {
				"north": {"uv": [8.375, 6.375, 8.5, 6.5], "texture": "#0"},
				"east": {"uv": [8.375, 6.625, 8.5, 6.75], "texture": "#0"},
				"south": {"uv": [8.375, 6.375, 8.5, 6.5], "texture": "#0"},
				"west": {"uv": [8.375, 6.125, 8.5, 6.25], "texture": "#0"},
				"up": {"uv": [8.375, 6.625, 8.5, 6.75], "texture": "#0"}
			}
		},
		{
			"from": [8.7353, 20.77336, 7.85],
			"to": [9.0353, 22.27336, 8.15],
			"shade": false,
			"rotation": {"angle": -45, "axis": "z", "origin": [8.8853, 21.52336, 8]},
			"faces": {
				"north": {"uv": [8.375, 6.375, 8.5, 6.5], "texture": "#0"},
				"east": {"uv": [8.375, 6.125, 8.5, 6.25], "texture": "#0"},
				"south": {"uv": [8.375, 6.375, 8.5, 6.5], "texture": "#0"},
				"west": {"uv": [8.375, 6.625, 8.5, 6.75], "texture": "#0"},
				"down": {"uv": [8.375, 6.625, 8.5, 6.75], "texture": "#0"}
			}
		},
		{
			"name": "1",
			"from": [7, 18.95, 7],
			"to": [9, 20.95, 9],
			"shade": false,
			"rotation": {"angle": 0, "axis": "y", "origin": [15.5, 28.45, 15.5]},
			"faces": {
				"north": {"uv": [10.125, 1.375, 10.75, 2], "texture": "#0"},
				"east": {"uv": [12.75, 1.375, 13.375, 2], "texture": "#0"},
				"south": {"uv": [11.875, 1.375, 12.5, 2], "texture": "#0"},
				"west": {"uv": [11, 1.375, 11.625, 2], "texture": "#0"},
				"up": {"uv": [11, 0.5, 11.625, 1.125], "texture": "#0"},
				"down": {"uv": [11, 2.25, 11.625, 2.875], "texture": "#0"}
			}
		},
		{
			"name": "2",
			"from": [6.75, 18.7, 6.75],
			"to": [9.25, 21.2, 9.25],
			"shade": false,
			"rotation": {"angle": 0, "axis": "y", "origin": [15.5, 28.45, 15.5]},
			"faces": {
				"north": {"uv": [6, 1.375, 6.75, 2.125], "texture": "#0"},
				"east": {"uv": [9, 1.375, 9.75, 2.125], "texture": "#0"},
				"south": {"uv": [8, 1.375, 8.75, 2.125], "texture": "#0"},
				"west": {"uv": [7, 1.375, 7.75, 2.125], "texture": "#0"},
				"up": {"uv": [7, 0.375, 7.75, 1.125], "texture": "#0"},
				"down": {"uv": [7, 2.375, 7.75, 3.125], "texture": "#0"}
			}
		}
	],
	"gui_light": "front",
	"display": {
		"thirdperson_righthand": {
			"translation": [0, 7.25, 1.25]
		},
		"thirdperson_lefthand": {
			"translation": [0, 7.25, 1.25]
		},
		"firstperson_righthand": {
			"rotation": [-20, 15, 0],
			"translation": [2, -2.5, 0.25]
		},
		"firstperson_lefthand": {
			"rotation": [-20, 15, 0],
			"translation": [2, -2.5, 0.25]
		},
		"ground": {
			"rotation": [90, 0, 0],
			"translation": [0, -3, 0]
		},
		"gui": {
			"rotation": [0, -180, -45],
			"translation": [2.25, -2.75, 0],
			"scale": [0.6, 0.6, 0.6]
		},
		"head": {
			"rotation": [0, 0, -45],
			"translation": [0, -16, 4.5]
		},
		"fixed": {
			"rotation": [0, 0, 45],
			"translation": [4.25, -5.75, -2.5],
			"scale": [2, 2, 2]
		}
	},
	"groups": [0, 1, 2,
		{
			"name": "group",
			"origin": [8, 8, 8],
			"children": [
				{
					"name": "group",
					"origin": [8, 8, 8],
					"children": [3, 4]
				},
				{
					"name": "group",
					"origin": [8, 8, 8],
					"children": [5, 6]
				}
			]
		},
		{
			"name": "top",
			"origin": [8, 8, 8],
			"children": [7, 8, 9, 10,
				{
					"name": "cross",
					"origin": [6.5, 28.85, 10],
					"children": [11, 12, 13, 14, 15, 16, 17, 18, 19]
				}, 20, 21, 22, 23, 24, 25, 26, 27, 28, 29, 30, 31, 32, 33, 34, 35, 36, 37, 38]
		},
		{
			"name": "orb",
			"origin": [15.5, 30, 15.5],
			"children": [39, 40]
		}
	]
}